,,,,,,,,,,,,,,,,,
,,,,,,,,,,,,,,,,,
west UTM,,"550,150","Mid-lake is ~545,945",,,,,,,,,,,,,,
east UTM,,"541,740",,,,,,,,,,,,,,,
,,,,,,,,,,,,,,,,,
,,,,,,,,,,Recaps,,,,,,,
,No. Burbot ,,Incidental Fish,,,,,,,09/06/00,TN,FL/PT,FY,00028,401D736C13,432,
Date,,Recaps,NSC,CSU,LSU,PCC,RSC,RB,,09/06/00,TN,FL/PT,FY,00045,401D607D51,386,
07/25/00,0,,12,5,1,0,1,0,,09/08/00,TN,FL/PT,FY,00032,401D4C601C,372,
07/26/00,0,,1,0,0,1,0,0,,09/14/00,TN,FL/PT,FY,00064,401D4D131B,425,
07/27/00,3,,31,16,1,0,0,0,,09/14/00,TN,FL/PT,FY,00070,401D61145A,322,
07/28/00,0,,30,4,1,1,0,0,,09/14/00,TN,FL/PT,FY,00073,422E496E23,465,
07/30/00,0,,120,30,2,1,0,0,,09/14/00,TN,FL/PT,FY,00079,423949472C,427,
07/31/00,1,,13,14,0,3,2,0,,10/02/00,TN,PT,FO,00018,401D736C13,432,
08/01/00,0,,76,2,1,0,0,0,,10/02/00,TN,FL/PT,FY,00036,401D501601,368,
,4,,283,71,6,6,3,0,,10/04/00,TN,FL/PT,FO,00020,424D1E7773,428,
08/02/00,0,,4,0,0,2,0,0,,10/10/00,TN,FL/PT,FO,00018,401D736C13,432,
08/03/00,0,,1,0,0,0,0,0,,10/06/00,TN,FL/PT,FY,00027,401D4A3A02,405,
08/04/00,1,,4,1,0,0,0,0,,10/16/00,TN,FL/PT,FO,00046,424D670439,456,
08/08/00,0,,15,1,0,1,0,0,,10/16/00,TN,FL/PT,FO,00051,425010056B,436,
08/09/00,0,,7,1,0,2,1,0,,10/16/00,TN,FL/PT,FY,00057,401D734B1D,406,
08/10/00,0,,85,14,1,0,0,0,,10/19/00,TN,FL/PT,FO,00060,424D1E5467,412,
08/11/00,0,,37,11,3,0,0,0,,10/19/00,TN,FL/PT,FY,00078,423947185C,476,
,1,,153,28,4,5,1,0,,10/25/00,TN,FL/PT/RT,FY,00098,423C120744,680,
08/15/00,0,,25,75,6,11,0,0,,10/30/00,TN,FL/PT,FO,00054,424D041A2A,546,
08/16/00,0,,21,61,4,3,0,0,,10/30/00,TN,FL/PT,FY,00057,401D734B1D,406,
08/17/00,0,,7,16,2,10,0,0,,11/06/00,TN,FL/PT,FO,00087,424F026E28,392,
08/18/00,0,,15,3,2,0,0,0,,11/08/00,TN,FL/PT,FO,00087,424F026E28,392,
08/24/00,0,,37,8,1,5,0,0,,,,,,,,,
08/30/00,20,,86,61,1,260,0,0,,,,,,,,,
08/31/00,6,,29,22,2,20,0,0,,,,,,,,,
,26,,220,246,18,309,0,0,,,,,,,,,
09/03/00,15,,39,135,0,57,0,0,,,,,,,,,
09/05/00,1,,35,10,1,0,0,0,,,,,,,,,
09/06/00,11,2,12,39,1,41,0,0,,,,,,,,,
09/07/00,1,,10,0,1,0,0,0,,,,,,,,,
09/08/00,9,1,15,30,0,128,0,1,,,,,,,,,
09/11/00,5,,17,49,4,7,0,0,,,,,,,,,
09/14/00,9,4,32,116,4,10,0,0,,,,,,,,,
,51,,160,379,11,243,0,1,,,,,,,,,
09/15/00,3,,22,7,1,140,0,0,,,,,,,,,
09/18/00,8,,15,7,0,5,0,0,,,,,,,,,
09/19/00,1,,2,1,0,0,0,0,,,,,,,,,
09/20/00,2,,1,10,1,4,0,0,,,,,,,,,
09/25/00,5,,0,6,0,5,0,0,,,,,,,,,
09/26/00,4,,10,5,4,0,0,0,,,,,,,,,
09/27/00,0,,4,148,3,4,0,0,,,,,,,,,
,23,,54,184,9,158,0,0,,,,,,,,,
09/28/00,0,,3,2,0,3,0,0,,,,,,,,,
10/02/00,12,2,6,20,0,1,0,0,,,,,,,,,
10/04/00,7,1,3,2,0,0,0,0,,,,,,,,,
10/06/00,8,2,12,38,5,2,0,0,,,,,,,,,
10/10/00,13,,8,39,12,0,0,0,,,,,,,,,
10/12/00,19,,1,12,5,27,0,1,,,,,,,,,
10/16/00,23,3,2,18,1,0,0,0,,,,,,,,,
,82,,35,131,23,33,0,1,,,,,,,,,
10/19/00,12,2,0,6,2,0,0,0,,,,,,,,,
10/20/00,0,,0,5,0,0,0,0,,,,,,,,,
10/25/00,13,1,4,50,8,1,0,0,,,,,,,,,
10/30/00,27,2,1,6,5,1,0,0,,,,,,,,,
11/02/00,29,,1,3,0,0,0,0,,,,,,,,,
11/06/00,12,1,0,0,0,0,0,0,,,,,,,,,
11/08/00,14,1,0,0,0,0,2,0,,,,,,,,,
,107,22,6,70,15,2,2,0,,,,,,,,,
,,,,,,,,,,,,,,,,,
,,,,,,,,,,,,,,,,,
,,,,,,,,,,,,,,,,,
Date,No. Burbot ,PCC,,,,,,,,,,,,,,,
07/25/00,0,0,,,,,,,,,,,,,,,
07/26/00,0,1,,,,,,,,,,,,,,,
07/27/00,3,0,,,,,,,,,,,,,,,
07/28/00,0,1,,,,,,,,,,,,,,,
07/30/00,0,1,,,,,,,,,,,,,,,
07/31/00,1,3,,,,,,,,,,,,,,,
08/01/00,0,0,,,,,,,,,,,,,,,
08/02/00,0,2,,,,,,,,,,,,,,,
08/03/00,0,0,,,,,,,,,,,,,,,
08/04/00,1,0,,,,,,,,,,,,,,,
08/08/00,0,1,,,,,,,,,,,,,,,
08/09/00,0,2,,,,,,,,,,,,,,,
08/10/00,0,0,,,,,,,,,,,,,,,
08/11/00,0,0,,,,,,,,,,,,,,,
08/15/00,0,11,,,,,,,,,,,,,,,
08/16/00,0,3,,,,,,,,,,,,,,,
08/17/00,0,10,,,,,,,,,,,,,,,
08/18/00,0,0,,,,,,,,,,,,,,,
08/24/00,0,5,,,,,,,,,,,,,,,
08/30/00,20,260,,,,,,,,,,,,,,,
08/31/00,6,20,,,,,,,,,,,,,,,
09/03/00,15,57,,,,,,,,,,,,,,,
09/05/00,1,0,,,,,,,,,,,,,,,
09/06/00,11,41,,,,,,,,,,,,,,,
09/07/00,1,0,,,,,,,,,,,,,,,
09/08/00,9,128,,,,,,,,,,,,,,,
09/11/00,5,7,,,,,,,,,,,,,,,
09/14/00,9,10,,,,,,,,,,,,,,,
09/15/00,3,140,,,,,,,,,,,,,,,
09/18/00,8,5,,,,,,,,,,,,,,,
09/19/00,1,0,,,,,,,,,,,,,,,
09/20/00,2,4,,,,,,,,,,,,,,,
09/25/00,5,5,,,,,,,,,,,,,,,
09/26/00,4,0,,,,,,,,,,,,,,,
09/27/00,0,4,,,,,,,,,,,,,,,
09/28/00,0,3,,,,,,,,,,,,,,,
10/02/00,12,1,,,,,,,,,,,,,,,
10/04/00,7,0,,,,,,,,,,,,,,,
10/06/00,8,2,,,,,,,,,,,,,,,
10/10/00,13,0,,,,,,,,,,,,,,,
10/12/00,19,27,,,,,,,,,,,,,,,
10/16/00,23,0,,,,,,,,,,,,,,,
10/19/00,12,0,,,,,,,,,,,,,,,
10/20/00,0,0,,,,,,,,,,,,,,,
10/25/00,13,1,,,,,,,,,,,,,,,
10/30/00,27,1,,,,,,,,,,,,,,,
11/02/00,29,0,,,,,,,,,,,,,,,
11/06/00,12,0,,,,,,,,,,,,,,,
11/08/00,14,0,,,,,,,,,,,,,,,