2000/01 Assessment of Burbot in Eaglet Lake,,,,,,,,,,,,,,,,,,,,,,,,,,
Appendix 5:  Minnow Trap Data,,,,,,,,,,,,,,,,,,,,,,,,,,
UTM (ZONE 10:NAD 83),,Personnel,Set,,Interim Check,,Pull,,Total Effort (hrs),Water Temp (oC),,Set Depth (m),Bait,Set Type,No. Burbot ,Incidental Fish,,,,,,,Sampling Efficiency,Site Description,Set Weather,Comments
Easting,Northing,,Date,Time,Date,Time,Date,Time,,Set,Pull,,,,,RSC,CC,NSC,SU,LDC,RB,SP,,,,
541761,5993184,RS/CG,7/26/00,15:10,,,7/27/00,13:00,21.8,22,22,1.3,FSH,BTM,1,,,,,,,,2,"West end, off NW shore by CV","overcast, shwrs., ~21o",BB photos.  Kept and frozen
541878,5993385,RS/CG,7/26/00,15:15,,,7/27/00,13:12,22.0,22,22,3.0,FSH,BTM,0,,,,,,,,1,"West end , off hwy. rip rap on NW shore","overcast, shwrs., ~21o",
542858,5992624,RS/CG,7/26/00,15:00,,,7/27/00,12:15,21.2,22,22,2.0,FSH,BTM,0,,,,,,,,1,"SW lake, off rlwy. rip rap","overcast, shwrs., ~21o",
542507,5992523,RS/CG,7/26/00,14:50,,,7/27/00,12:11,21.3,22,22,3.0,FSH,BTM,0,,,,,,,,1,"SW lake, off rlwy. rip rap","overcast, shwrs., ~21o",
542406,5992496,RS/CG,7/26/00,14:45,,,7/27/00,12:08,21.4,22,22,1.3,FSH,BTM,0,,,,,,,,1,"SW lake, off rlwy. rip rap","overcast, shwrs., ~21o",
541462,5991972,RS/CG,7/26/00,13:50,7/27/00,10:30,7/28/00,11:54,46.9,22,21,1.5,FSH,BTM,0,1,,,1,,,,2,"West end, in outlet channel, tied to dead head","pt. cloudy, lt. wind, ~21o",
541467,5992008,RS/CG,7/26/00,13:55,7/27/00,10:35,7/28/00,11:58,45.0,22,21,1.4,FSH,BTM,0,3,,,,,,,2,"West end, in outlet channel, tied to dead head","pt. cloudy, lt. wind, ~21o",
541515,5992067,RS/CG,7/26/00,14:00,7/27/00,10:40,7/28/00,12:00,46.0,22,21,1.7,FSH,BTM,0,,,,,,,,1,"West end, in outlet channel, tied to dead head","pt. cloudy, lt. wind, ~21o",
541564,5992117,RS/CG,7/26/00,14:05,7/27/00,10:45,7/28/00,12:15,46.2,22,21,2.2,FSH,BTM,0,,,,,,,,1,"West end, in outlet channel, tied to dead head","pt. cloudy, lt. wind, ~21o",
541624,5992185,RS/CG,7/26/00,14:10,7/27/00,10:45,7/28/00,12:10,46.0,22,20,2.4,FSH,BTM,0,,,,,,,,1,"West end, in outlet channel, tied to dead head","pt. cloudy, lt. wind, ~21o",One side of one end pushed in upon pull
541642,5992661,RS/CG,7/27/00,12:50,,,7/28/00,12:32,23.7,22,21,1.2,FSH,BTM,0,,,,,,,,1,"West end,  off large landing/pull over on a float","overcast, lt. wind, ~21o",One end pushed away from frame
541809,5993279,RS/CG,7/27/00,13:10,,,7/28/00,13:10,24.0,22,21,1.3,FSH,BTM,0,,,,,,,,1,"West end, off NW shore hwy. rip rap","overcast, lt. wind, ~21o",
541761,5993184,RS/CG,7/27/00,13:00,,,7/28/00,13:00,24.0,21,21,1.3,FSH,BTM,0,,,,,,,,1,"West end, off NW shore by CV","overcast, lt. wind, ~21o",Same as set on 7/26/00
542074,5993536,RS/CG,7/27/00,13:16,,,7/28/00,13:16,24.0,21,21,3.0,FSH,BTM,0,,,,,,,,1,"West end, off NW shore hwy. rip rap on float, some grass along shore","overcast, lt. wind, ~21o",
541714,5992451,RS/CG,7/27/00,12:45,,,7/28/00,12:23,23.6,22,21,2.0,FSH,BTM,0,,,,,,,,1,"West end, off NW shore near large landing/pull over","overcast, lt. wind, ~21o",
541916,5993454,RS/CG,7/31/00,15:00,8/1/00,15:12,8/2/00,13:46,46.8,25,22,1.3,FSH,BTM,0,,,,,,,,1,"West end, off NW shore hwy. rip rap","sunny, lt. wind, ~25o",
541900,5993416,RS/CG,7/31/00,15:15,8/1/00,15:10,8/2/00,13:43,46.5,26,22,0.6,FSH,BTM,0,,,,,,,,1,"West end, off NW shore hwy. rip rap","sunny, lt. wind, ~25o",
541875,5993392,RS/CG,7/31/00,15:20,8/1/00,15:08,8/2/00,13:41,46.3,25,22,1.2,FSH,BTM,0,,,,,,,,1,"West end, off NW shore hwy. rip rap","sunny, lt. wind, ~25o",
541828,5993315,RS/CG,7/31/00,15:30,8/1/00,15:05,8/2/00,13:38,46.1,26,22,1.5,FSH,BTM,0,,,,,,,,1,"West end, off NW shore hwy. rip rap","sunny, lt. wind, ~25o",
542968,5992773,RS/CG,7/31/00,15:38,8/1/00,14:10,8/2/00,12:24,44.8,25,20,1.5,FSH,BTM,0,,,,,,,,1,"West end, off SW shore on float, next to lily pad/burreed area","sunny, calm, ~25o",
543073,5992824,RS/CG,7/31/00,15:45,8/1/00,14:15,8/2/00,12:20,44.6,25,20,1.3,FSH,BTM,0,,,,,,,,1,"West end, off SW shore on float, next to horsetail and lily pad/burreed area","sunny, calm, ~25o",
543348,5993094,RS/CG,7/31/00,15:53,8/1/00,14:40,8/2/00,12:11,44.3,25,20,2.1,FSH,BTM,0,,,,,,,,1,"West end, off SW shore on float, next to horsetail area","sunny, calm, ~25o",
543528,5993178,RS/CG,7/31/00,16:00,8/1/00,14:42,8/2/00,12:08,44.1,25,20,1.1,FSH,BTM,0,,,,,,,,1,"West end, off rlwy. rip rap along SW shore","sunny, calm, ~25o",
543652,5993351,RS/CG,7/31/00,16:05,"8/1/00, 8/2/00, 8/3/00","14:45, 11:55, 16:20",8/4/00,11:38,43.5,25,22,1.4,FSH,BTM,1,,,,,,,,1,"West end, off rlwy. rip rap along SW shore, next to CV","sunny, calm, ~25o",
541628,5992659,RS/CG,8/2/00,13:20,,,8/3/00,14:35,25.3,22,25,0.3,FSH,BTM,0,,,,,,,,1,"West end, off  rip rap along W shore; algae prominent","pt. cloudy, lt. wind, ~21o",
541596,5993050,RS/CG,8/2/00,13:30,,,8/3/00,14:30,25.0,22,25,1.5,FSH,BTM,0,,,,,,,,1,"West end, off  NW shore on float, near beaver house","pt. cloudy, lt. wind, ~21o",Dead PCC and NSC seen along shore
542131,5992482,RS/CG,8/2/00,12:52,8/3/00,14:40,8/4/00,12:30,47.6,21,23,3.1,FSH,BTM,0,,,,,,,,1,"West end, off SW shore on float, next to horsetail/lily pad area","pt. cloudy, lt. wind, ~20o",
541872,5992379,RS/CG,8/2/00,13:05,8/3/00,14:37,8/4/00,12:35,47.5,22,22,2.0,FSH,BTM,0,,,,,,,,1,"West end, off SW shore on float, next to large lily pad area","pt. cloudy, lt. wind, ~20o",
543501,5994515,RS/CG,8/2/00,14:08,8/3/00,16:27,8/4/00,11:05,44.9,22,23,0.4,FSH,BTM,0,,,,,,,,1,"West end, off N shore hwy. rip rap, west of boat launch","pt. cloudy, lt. wind, ~20o",
542947,5994123,RS/CG,8/2/00,14:00,8/3/00,16:30,8/4/00,11:42,45.7,23,24,0.9,FSH,BTM,0,,,,,,,,1,"West end, off N shore hwy. rip rap, west of boat launch","pt. cloudy, lt. wind, ~20o",
544599,5993844,RS/CG,8/2/00,14:24,8/3/00,16:09,8/4/00,11:30,45.1,22,22,1.6,FSH,BTM,0,,,,,,,,1,"West end, off S shore rlwy. rip rap","pt. cloudy, lt. wind, ~20o",Dead sucker along shoreline
544735,5993921,RS/CG,8/2/00,14:17,8/3/00,16:02,8/4/00,11:27,43.4,22,22,1.2,FSH,BTM,0,,,,,,,,1,"West end, off S shore rlwy. rip rap","pt. cloudy, lt. wind, ~20o",
542241,5993647,RS/CG,8/3/00,14:50,,,8/4/00,11:50,21.0,26,25,0.8,FSH,BTM,0,,1,,,,,,1,"West end, along NW shore at CV with running water","pt. cloudy, lt. wind, warm",
544300,5993746,RS/CG,8/3/00,16:13,,,8/4/00,11:34,19.3,24,22,2.1,FSH,BTM,0,,,,,,,,1,"West end, off S shore rlwy. rip rap","pt. cloudy, lt. wind, warm",
546069,5994438,RS/CG,8/8/00,11:42,8/9/00,12:23,8/10/00,11:55,48.2,22,21,1.6,FSH,BTM,0,,,,,,,,1,"Mid-lake area, off S shore on float near horsetail point","pt. cloudy, lt. wind, warm",
545822,5994422,RS/CG,8/8/00,11:49,8/9/00,12:30,8/10/00,11:50,48.0,22,21,3.0,FSH,BTM,0,,,,,,,,1,"Mid-lake area, along S shore on float off willow/sedge point","pt. cloudy, lt. wind, warm",
546547,5994681,RS/CG,8/8/00,11:57,8/9/00,12:10,8/10/00,12:00,48.1,22,22,0.5,FSH,BTM,0,,,,,,,,1,"Mid-lake area, along S shore off willow shoreline","pt. cloudy, lt. wind, warm",
546493,5994765,RS/CG,8/8/00,12:06,8/9/00,12:17,8/10/00,12:05,48.0,22,22,2.1,FSH,BTM,0,,,,,,,,1,"Mid-lake area, off S shore ~50m on a dead head","pt. cloudy, lt. wind, warm",
545485,5995012,RS/CG,8/8/00,12:19,8/9/00,14:12,8/10/00,10:50,46.5,22,20,1.5,FSH,BTM,0,,,,,,,,1,"Mid-lake area, off N shore ~60m on a dead head","pt. cloudy, lt. wind, warm",
545316,5995071,RS/CG,8/8/00,12:26,8/9/00,14:15,8/10/00,10:55,46.5,22,20,1.3,CTF,BTM,0,,,,,,,,1,"Mid-lake area, off N shore ~50m on a dead head","pt. cloudy, lt. wind, warm",
544960,5995020,RS/CG,8/8/00,12:35,8/9/00,14:41,8/10/00,10:42,46.1,22,20,0.4,CTF,BTM,0,1,,,,,,,1,"Mid-lake area, off N shore, along sedge/willow shoreline","pt. cloudy, lt. wind, warm",
544896,5994946,RS/CG,8/8/00,12:40,8/9/00,14:45,8/10/00,10:36,45.9,22,20,3.2,CTF,BTM,0,,,,,,,,1,"Mid-lake area, off N shore ~50m on a dead head","pt. cloudy, lt. wind, warm",
544699,5994994,RS/CG,8/8/00,12:45,8/9/00,14:53,8/10/00,10:30,45.7,22,20,0.5,CTF,BTM,0,,,1(?),,,,,1,"Mid-lake area, off N shore next to small boat launch","pt. cloudy, lt. wind, warm",
546641,5994821,RS/CF,8/10/00,12:16,,,8/11/00,10:20,46.1,21,19,1.2,NSC,BTM,0,,,,,,,,1,"East end, off S shore ~60m  in open pocket surrounded by submergent veg.","sunny, lt. wind, ~21o",
546809,5995060,RS/CF,8/10/00,12:23,,,8/11/00,10:06,45.7,21,19,1.8,NSC,BTM,0,,,,,,,,1,In middle of lake on float in east end of lake,"sunny, lt. wind, ~21o",
547476,5995476,RS/CF,8/10/00,12:30,,,8/11/00,11:14,46.7,21,20,3.3,NSC,BTM,0,,,,,,,,1,"East end, on dead head out from N shore ~60m","sunny, lt. wind, ~21o",
546403,5995012,RS/CF,8/10/00,12:11,,,8/11/00,10:24,46.2,21,19,1.7,NSC,BTM,0,,,,,,,,1,"East end, east of narrows, middle of lake on float","sunny, lt. wind, ~21o",
545121,5994220,RS/CF,8/10/00,11:30,,,8/11/00,10:43,47.2,20,20,3.2,NSC,BTM,0,,,,,,,,1,"West end, off S shore on a dead head","sunny, lt. wind, ~21o",
545587,5994224,RS/CF,8/10/00,11:16,,,8/11/00,10:35,47.3,20,19,1.1,NSC,BTM,0,,,,,,,,1,"Mid-lake area, along S shore off rlwy. rip rap","sunny, lt. wind, ~21o",
544736,5993932,RS/CF,8/10/00,11:38,,,8/11/00,10:48,47.2,20,20,1.6,NSC,BTM,0,,,,,,,,1,"Mid-lake area, along S shore off rlwy. rip rap, straight S of Park point","sunny, lt. wind, ~21o",
545547,5994215,RS/CF,8/10/00,11:21,,,8/11/00,10:38,47.3,20,19,1.5,NSC,BTM,0,,,,,,,,1,"Mid-lake area, along S shore off rlwy. rip rap, SE of Park point","sunny, lt. wind, ~21o",
544652,5993877,RS/CF,8/10/00,11:42,,,8/14/00,14:03,45.6,21,22,0.8,NSC,BTM,0,,,,,,,,1,"West end, along S shore off rlwy. rip rap, straight S of Park point","sunny, lt. wind, ~21o",Temporarily lost re: 4 day set
543656,5993353,RS/CF,8/14/00,16:50,8/15/00,10:59,8/16/00,9:56,41.1,20,19,1.0,CHK,BTM,0,,,,,,,,1,"West end, along S shore off rlwy. rip rap near CV","pt. cloudy, lt. wind, ~21o",
548239,5995254,RS/CF,8/14/00,16:35,8/15/00,13:37,8/16/00,11:15,42.3,21,19,3.0,CHK,BTM,0,,,,,,,,1,"East end, off S shore on dead head","pt. cloudy, lt. wind, ~21o",
543663,5993363,RS/CF,8/14/00,17:00,8/15/00,11:01,8/16/00,10:00,41.0,20,19,0.9,CHK,BTM,0,,,1(?),,,,,1,"West end, along S shore off rlwy. rip rap near CV","pt. cloudy, lt. wind, ~21o",
541317,5991954,RS/CF,8/15/00,10:38,"8/16/00, 8/17/00","10:34, 14:35",8/18/00,9:35,70.9,18,18,2.2,CHK/FSH,BTM,0,,,,,,,,1,"Hay Creek outlet, d/s of hwy. Bridge","pt. cloudy, lt. wind, ~20o",
541181,5991537,RS/CF,8/15/00,10:11,"8/16/00, 8/17/00","10:19, 14:21",8/18/00,9:20,71.1,18,18,2.1,CHK/FSH,BTM,0,,,,,,,,1,"Hay Creek outlet, d/s of hwy. Bridge","pt. cloudy, calm, ~18o",
541415,5991963,RS/CF,8/15/00,10:48,"8/16/00, 8/17/00","10:37, 14:40",8/18/00,9:40,70.9,18,18,1.2,CHK/FSH,BTM,0,,,,,,,,1,"Hay Creek, outlet, under private bridge tied to water survey guage","pt. cloudy, calm, ~18o",
541190,5991629,RS/CF,8/15/00,10:16,"8/16/00, 8/17/00","10:21, 14:25",8/18/00,9:25,71.1,18,18,1.1,CHK/FSH,BTM,0,,,,,,,,1,"Hay Creek, outlet, d/s of Giscome hwy. Bridge","pt. cloudy, calm, ~18o",
541224,5991670,RS/CF,8/15/00,10:20,"8/16/00, 8/17/00","10:23, 14:28",8/18/00,9:28,71.1,18,18,2.1,CHK/FSH,BTM,0,,,,,,,,1,"Hay Creek, outlet, d/s of Giscome hwy. Bridge","pt. cloudy, calm, ~18o",
541342,5991952,RS/CF,8/15/00,10:43,"8/16/00, 8/17/00","10:35, 14:37",8/18/00,9:37,71.1,18,18,0.8,CHK/FSH,MID,0,,,,,,,,1,"Hay Creek, outlet, under Giscome hwy. Bridge","pt. cloudy, calm, ~18o",Suspended off bottom by current
541242,5991824,RS/CF,8/15/00,10:28,"8/16/00, 8/17/00","10:30, 14:32",8/18/00,9:32,71.1,18,18,1.2,CHK/FSH,BTM,0,,,,,,,,1,"Hay Creek, outlet, d/s of Giscome hwy. Bridge","pt. cloudy, calm, ~18o",
549253,5995410,RS/CF,8/16/00,11:30,,,8/17/00,12:00,24.5,19,19,3.1,CHK,BTM,0,,,,,,,,1,"East end, off SE shore on dead head","pt. cloudy, lt. wind, ~20o",
549333,5995329,RS/CF,8/16/00,11:23,,,8/17/00,11:57,24.6,19,19,2.1,CHK,BTM,0,,,,,,,,1,"East end, off SE shore on dead head","pt. cloudy, lt. wind, ~20o",
549520,5995356,RS/CF,8/16/00,11:35,,,8/17/00,11:51,24.3,19,19,0.7,CHK,BTM,0,,,1(?),,,,,1,"East end, off SE shore on float, near inlet bay","pt. cloudy, lt. wind, ~20o",
549731,5995514,RS/CF,8/17/00,12:05,,,8/18/00,10:32,22.4,19,18,1.2,FSH,BTM,0,,,,,,,,1,"East end, inlet bay, off old dock timbers","overcast, lt. wind, ~18o",
549731,5995514,RS/CF,8/17/00,12:08,,,8/18/00,10:37,22.5,19,18,0.8,FSH,BTM,0,,,,,,,,1,"East end, inlet bay, off old dock timbers","overcast, lt. wind, ~18o",
549698,5995650,RS/CF,8/17/00,12:14,,,8/18/00,10:30,22.3,19,18,1.5,FSH,BTM,0,,,,,,,,1,"East end, middle of inlet bay on float","overcast, lt. wind, ~18o",
537244,5991339,RS/CF,8/22/00,11:30,,,8/24/00,13:15,49.8,17,18,0.8,CTF,BTM,0,,,,,,,,1,"Hay Creek, outlet, ~10m u/s of Giscome Hwy. CV","overcast, shwrs., ~16o",
551762,5995820,RS/CF,8/22/00,10:35,,,8/24/00,9:05,46.5,14,15,1.5,CTF,BTM,0,,,,,,,,1,"Hay Creek, outlet, d/s of Giscome Hwy. CV","overcast, lt. rain, ~16o",
551823,5995878,RS/CF,8/22/00,10:00,,,8/24/00,9:00,47.0,14,15,1.0,CTF,BTM,0,,,,,,,,1,"Hay Creek, outlet,  u/s of Giscome Hwy. CV","overcast, lt. rain, ~16o",
537275,5991408,RS/CF,8/22/00,11:40,,,8/24/00,13:20,49.7,17,18,0.9,CTF,BTM,0,1,,1 (J),,,,,2,"Hay Creek, outlet,  u/s of Giscome Hwy. CV ~70m in back eddy","overcast, lt. rain, ~18o",
551804,5995857,RS/CF,8/22/00,9:55,,,8/24/00,9:12,47.3,14,15,1.5,CTF,BTM,0,,,,,,,,1,"Hay Creek, outlet, d/s of Giscome Hwy. CV","overcast, lt. rain, ~16o",
537231,5991288,RS/CF,8/22/00,12:00,,,8/24/00,14:06,50.1,17,19,0.6,CTF,BTM,0,,,,,2,,,2,"Hay Creek, outlet, d/s of Giscome Hwy. CV ~20m under willow overhang","overcast, lt. rain, ~18o",
537162,5991209,RS/CF,8/22/00,12:10,,,8/24/00,14:00,49.8,17,19,0.5,CTF,BTM,0,,,9(J),,,,,3,"Hay Creek, outlet, d/s of Giscome Hwy. CV ~100m under willow overhang","overcast, lt. rain, ~18o",
551761,5995834,RS/CF,8/22/00,9:40,,,8/24/00,9:03,47.4,14,15,1.0,CTF,BTM,0,,,,,,,,1,"Hay Creek, outlet, d/s of Giscome Hwy. CV","overcast, lt. rain, ~18o",
537111,5991187,RS/CF,8/22/00,12:20,,,8/24/00,13:45,49.4,17,19,0.4,CTF,BTM,0,,,,2,,,,2,"Hay Creek, outlet, d/s of Giscome Hwy. CV ~150m on edge of fast water","overcast, lt. rain, ~18o",Two different size classes of juveniles.  Possible LSU
551771,5995814,RS/CF,8/22/00,10:30,,,8/24/00,9:08,46.6,14,15,1.0,CTF,BTM,0,,,,,,,,1,"Hay Creek, outlet, d/s of Giscome Hwy. CV in side channel","overcast, lt. rain, ~16o",
541717,5992606,RS/CF,8/29/00,14:20,,,8/31/00,10:30,44.2,16,16,1.4,FSH,BTM,0,,,,,,,,1,"West end, off old timbers along large landing/pull over","overcast, shwrs., lt. wind, ~17o",
541705,5992405,RS/CF,8/29/00,13:57,,,8/31/00,10:20,44.4,16,16,0.6,FSH,BTM,0,,,,,,,,1,"West end, off rip rap along large landing/pull over","overcast, shwrs., lt. wind, ~17o",
541718,5992452,RS/CF,8/29/00,14:05,,,8/31/00,10:23,44.3,16,16,0.7,FSH,BTM,0,,,,,,,,1,"West end, off rip rap along large landing/pull over","overcast, shwrs., lt. wind, ~17o",
541666,5992313,RS/CF,8/29/00,14:24,,,8/31/00,10:16,43.9,16,16,0.9,FSH,BTM,0,,,,,,,,1,"West end, off N shore of outlet bay, west of large landing/pull over","overcast, shwrs., lt. wind, ~17o",
541726,5992535,RS/CF,8/29/00,14:15,,,8/31/00,10:27,44.2,16,16,0.9,FSH,BTM,0,,,,,,,,1,"West end, off old timbers along large landing/pull over","overcast, shwrs., lt. wind, ~17o",
542891,5992582,RS/CF,8/30/00,11:43,,,8/31/00,12:35,24.9,16,16,0.8,FSH,BTM,0,,,,,,,,1,"West end, off rlwy. rip rap along SW shore","pt. cloudy, mod. wind, ~10o",
543589,5993240,RS/CF,8/30/00,12:05,,,8/31/00,12:47,24.7,16,16,0.6,FSH,BTM,0,,,,,,,,1,"West end, off SW shore along rlwy. rip rap, west of CV","pt. cloudy, mod. wind, ~10o",
542833,5992556,RS/CF,8/30/00,11:38,,,8/31/00,12:32,24.9,16,16,0.8,FSH,BTM,0,,,,,,,,1,"West end, off rlwy. rip rap along SW shore","pt. cloudy, mod. wind, ~10o",
543463,5993114,RS/CF,8/30/00,11:55,,,8/31/00,12:42,24.8,16,16,0.5,FSH,BTM,0,,,,,,,,1,"West end, off SW shore along rlwy. rip rap","pt. cloudy, mod. wind, ~10o",
543526,5993172,RS/CF,8/30/00,12:00,,,8/31/00,12:45,24.8,16,16,0.5,FSH,BTM,0,,,,,,,,1,"West end, off SW shore along rlwy. rip rap","pt. cloudy, mod. wind, ~10o",
541825,5993312,RS/CF,9/5/00,13:52,,,-,-,-,15,-,1.3,FSH,BTM,0,,,,,,,,1,"West end, west of boat launch, off NW shore hwy. rip rap","cloudy, shwrs., ~12o",Trap stolen re: not recovered
541811,5993278,RS/CF,9/5/00,13:50,9/7/00,13:28,9/8/00,15:50,74.0,15,14,1.2,FSH,BTM,0,,,,,,,,1,"West end, west of boat launch, off NW shore hwy. rip rap","cloudy, shwrs., ~12o",
541864,5993373,RS/CF,9/5/00,14:00,9/7/00,13:36,9/8/00,15:54,73.9,15,14,0.6,FSH,BTM,0,,,,,,,,1,"West end, west of boat launch, off NW shore hwy. rip rap","cloudy, shwrs., ~12o",
541798,5993253,RS/CF,9/5/00,13:42,9/7/00,13:24,9/8/00,15:47,74.1,15,14,1.0,FSH,BTM,0,,,,,,,,1,"West end, west of boat launch, off NW shore hwy. rip rap","cloudy, shwrs., ~12o",
541848,5993343,RS/CF,9/5/00,13:55,9/7/00,13:30,9/8/00,15:52,74.0,15,14,1.3,FSH,BTM,0,,,,,,,,1,"West end, west of boat launch, off NW shore hwy. rip rap","cloudy, shwrs., ~12o",
541891,5993416,RS/CF,9/5/00,14:05,9/7/00,13:40,9/8/00,15:55,73.8,15,14,0.8,FSH,BTM,0,,,,,,,,1,"West end, west of boat launch, off NW shore hwy. rip rap","cloudy, shwrs., ~12o",
541774,5993211,RS/CF,9/5/00,13:35,9/7/00,13:20,9/8/00,15:45,76.2,15,14,0.6,FSH,BTM,0,,,,,,,,1,"West end, west of boat launch, off NW shore hwy. rip rap","cloudy, shwrs., ~12o",
542324,5992453,RS/CF,9/5/00,13:20,,,9/7/00,13:05,47.7,15,14,1.2,FSH,BTM,0,,,,,,,,1,"West end, off SW shore, east of outlet bay","cloudy, rain, ~12o",
541756,5993152,RS/CF,9/5/00,13:30,,,9/7/00,13:20,47.8,15,14,0.3,FSH,BTM,0,,,,,,,,1,"West end, west of boat launch, off NW shore hwy. rip rap","pt. cloudy, windy, ~14o",
542356,5992468,RS/CF,9/5/00,13:15,,,9/7/00,13:07,47.9,15,14,1.0,FSH,BTM,0,,,,,,,,1,"West end, off rlwy. rip rap along SW shore","pt. cloudy, windy, ~14o",
542404,5992520,RS/CF,9/7/00,13:10,,,9/8/00,15:38,26.5,14,14,1.0,FSH,BTM,0,,,,,,,,1,"West end, off rlwy. rip rap point along SW shore","cloudy, shwrs., ~12o",
541914,5993443,RS/CF,9/7/00,13:55,,,9/8/00,15:57,26.0,14,14,0.7,FSH,BTM,0,,,,,,,,1,"West end, west of boat launch, off NW shore hwy. rip rap","cloudy, rain, ~12o",
542423,5992524,RS/CF,9/7/00,13:15,,,9/8/00,15:35,26.3,14,14,0.8,FSH,BTM,0,,,,,,,,1,"West end, off rlwy. rip rap point along SW shore","cloudy, rain, ~12o",
543608,5993287,RS/CF,9/11/00,14:05,,,9/15/00,11:40,93.6,14,15,1.2,FSH,BTM,0,,,,,,,,1,"West end, off SW shore rlwy. rip rap","overcast, rain, 6o",
543713,5993422,RS/CF,9/11/00,14:35,,,9/15/00,11:45,93.2,14,15,0.4,FSH,BTM,0,,,,,,,,1,"West end, off SW shore rlwy. rip rap","overcast, rain, 6o",
543661,5993349,RS/CF,9/11/00,14:12,,,9/15/00,11:35,93.4,14,15,1.0,FSH,BTM,0,,,,,,,,1,"West end, off SW shore at CV","overcast, rain, 6o",
543671,5993380,RS/CF,9/11/00,14:20,,,9/15/00,11:42,93.4,14,15,0.7,FSH,BTM,0,,,,,,,,1,"West end, off SW shore east of  CV ~20m","overcast, rain, 6o",
543738,5993480,RS/CF,9/11/00,14:45,,,9/15/00,11:48,93.0,14,15,0.6,FSH,BTM,0,,,,,,,,1,"West end, off SW shore in pond lily/horsetail area","overcast, rain, 6o",
544000,5993636,RS/CF,9/11/00,14:55,,,9/15/00,11:55,93.0,14,15,1.2,FSH,BTM,0,,,,,,,,1,"West end, off SW shore rlwy. rip rap","overcast, rain, 6o",
543652,5993355,RS/CF,9/11/00,14:16,,,9/15/00,11:30,93.2,14,15,1.0,FSH,BTM,0,,4,,,,,,2,"West end, off SW shore, west of  CV ~5m","overcast, rain, 6o",
544085,5993660,RS/CF,9/11/00,15:00,,,9/15/00,11:57,92.9,14,15,1.1,FSH,BTM,0,,,,,,,,1,"West end, off SW shore rlwy. rip rap and willow next to lily pads","overcast, rain, 6o",
543689,5993411,RS/CF,9/11/00,14:25,,,9/15/00,11:44,93.3,14,15,0.4,FSH,BTM,0,,,,,,,,1,"West end, off SW shore rlwy. rip rap","overcast, rain, 6o",
543956,5993606,RS/CF,9/11/00,14:52,,,9/15/00,11:52,93.0,14,15,1.5,FSH,BTM,0,,,,,,,,1,"West end, off SW shore rlwy. rip rap and willow next to lily pads","overcast, rain, 6o",
546096,5988159,RS/CF,9/19/00,10:25,,,9/21/00,9:43,47.3,9,7,0.3,CTF,BTM,0,,,,,,2,,2,"Bateman Cr., ~5.9km u/s from d/s road bridge, slow/deep section w/beaver activity","sunny, ~10o",Young of the year; 40mm
542142,5992307,RS/CF,9/19/00,11:26,,,9/21/00,10:30,47.1,9,8,1.0,FSH,BTM,0,,,,,,,,1,"Bateman Creek, underneath rlwy. Bridge which crosses it's confluence w/Eaglet Lake","sunny, ~10o",
546319,5987778,RS/CF,9/19/00,10:30,,,9/21/00,9:35,47.1,9,7,0.3,FSH,BTM,0,,,,,,,,1,"Bateman Creek, d/s double CVs, ~6.8km u/s of d/s road bridge","sunny, ~10o",
542170,5991559,RS/CF,9/19/00,11:05,,,9/21/00,10:15,47.2,9,8,1.0,FSH,BTM,0,,,,,,,,1,"Bateman Creek, d/s of road bridge near d/s end of Creek","sunny, ~10o",
544938,5989433,RS/CF,9/19/00,10:15,,,9/21/00,10:00,47.7,9,7,0.8,FSH,BTM,0,,,,,,,,1,"Bateman Cr., ~4.0km u/s from d/s road bridge, slow section ","sunny, ~10o",
542202,5991705,RS/CF,9/19/00,11:10,,,9/21/00,10:15,47.1,9,8,0.8,FSH,BTM,0,,,,,,,,1,"Bateman Creek, u/s of road bridge near d/s end of Creek","sunny, ~10o",
544962,5989403,RS/CF,9/19/00,10:45,,,9/21/00,9:52,47.1,9,7,0.7,FSH,BTM,0,,,,,,,,1,"Bateman Cr., ~4.0km u/s from d/s road bridge, slow/deep section ","sunny, ~10o",
542142,5992307,RS/CF,9/19/00,11:21,,,9/21/00,10:40,47.3,9,8,1.0,FSH,BTM,0,,,,,,,,1,"Bateman Creek, u/s of rlwy. Bridge which crosses it's confluence w/Eaglet Lake","sunny, ~14o",
542142,5992307,RS/CF,9/19/00,11:25,,,9/21/00,10:38,47.2,9,8,1.0,CTF,BTM,0,,,,,,,,1,"Bateman Creek, d/s of rlwy. Bridge which crosses it's confluence w/Eaglet Lake","sunny, ~14o",
542142,5992307,RS/CF,9/19/00,11:22,,,9/21/00,10:36,47.2,9,8,1.0,FSH,BTM,0,1,,,,,,,1,"Bateman Creek, underneath rlwy. Bridge which crosses it's confluence w/Eaglet Lake","sunny, ~14o",
544068,5994627,RS/CF,9/26/00,15:00,,,10/2/00,9:53,138.9,8,7,0.4,FSH,BTM,0,,,,,,,,1,"In Creek that flows through Park, d/s of Giscome Hwy.","sunny, calm, 18o","Within 25m of Eaglet lake, below a BD.  Creek has no notable flow."
544017,5994812,RS/CF,9/26/00,14:53,,,10/2/00,10:28,139.6,8,7,0.3,FSH,BTM,0,,,,,,,,1,"In Creek that flows through Park, d/s of Giscome Hwy. at CV","sunny, calm, 18o",
544082,5994741,RS/CF,9/26/00,14:40,,,10/2/00,10:18,139.6,8,7,0.8,FSH,BTM,0,,,,,,1,,1,"In Creek that flows through Park, d/s of Giscome Hwy., u/s walking bridge across Creek","sunny, calm, 18o","Juvenile, 135mm"
544063,5994754,RS/CF,9/26/00,14:45,,,10/2/00,10:25,139.7,8,7,0.3,FSH,BTM,0,,,,,,,,1,"In Creek that flows through Park, d/s of Giscome Hwy.","sunny, calm, 18o",
544040,5994783,RS/CF,9/26/00,14:50,,,10/2/00,10:31,139.7,8,7,0.4,FSH,BTM,0,,,,,,,,1,"In Creek that flows through Park, d/s of Giscome Hwy.","sunny, calm, 18o",
544088,5994696,RS/CF,9/26/00,14:30,,,10/2/00,10:02,139.5,8,7,0.9,FSH,BTM,0,,,,,,,,1,"In Creek that flows through Park, d/s of Giscome Hwy.","sunny, calm, 18o",
544061,5994647,RS/CF,9/26/00,14:35,,,10/2/00,9:58,139.4,8,7,0.7,FSH,BTM,0,,,,,,,,1,"In Creek that flows through Park, d/s of Giscome Hwy.","sunny, calm, 18o","Closest trap to Eaglet lake, below a BD"
544090,5994725,RS/CF,9/26/00,14:19,,,10/2/00,10:14,139.9,8,7,0.8,FSH,BTM,0,,,,,,2,,2,"In Creek that flows through Park, d/s of Giscome Hwy.","sunny, calm, 18o","Juveniles, 110 and 90mm.  Site is open and is deepest hole d/s of walking bridge."
544087,5994698,RS/CF,9/26/00,14:20,,,10/2/00,10:06,139.8,8,7,0.6,FSH,BTM,0,,,,,,,,1,"In Creek that flows through Park, d/s of Giscome Hwy.","sunny, calm, 18o",Many caddisfly larvae
544093,5994713,RS/CF,9/26/00,14:28,,,10/2/00,10:08,139.7,8,7,0.8,FSH,BTM,0,,,,1,,,,1,"In Creek that flows through Park, d/s of Giscome Hwy.","sunny, calm, 18o",Juvenile sucker. Caddisflies caught as well.
544801,5993944,RS/CF,10/6/00,12:43,,,10/11/00,14:07,121.4,10,9,0.4,SK,BTM,0,,,,,,,,1,"West end, along S shore across from Park, shallow area w/ lily pad and horsetail in area","sunny, lt./mod. wind, ~5o",
543710,5993443,RS/CF,10/6/00,13:11,,,10/11/00,13:35,120.4,10,9,1.0,SK,BTM,0,,,,,,,,1,"West end, along S shore across from boat launch, off rlwy. rip rap","sunny, lt./mod. wind, ~5o",
543686,5993409,RS/CF,10/6/00,13:15,,,10/11/00,13:38,120.4,10,9,0.1,SK,BTM,0,,,,1,,,,1,"West end, along S shore across from boat launch, on top of rlwy. rip rap in shallow water","sunny, lt./mod. wind, ~5o",
543644,5993337,RS/CF,10/6/00,13:21,,,10/11/00,13:44,120.4,10,9,0.3,SK,BTM,0,,,,1,,,,1,"West end, along S shore across from boat launch, on top of rlwy. rip rap in shallow water","sunny, lt./mod. wind, ~5o",
544723,5993917,RS/CF,10/6/00,12:53,,,10/11/00,13:17,120.4,10,9,1.5,SK,BTM,0,,,,,,,,1,"West end, along S shore across from Park, off rlwy. rip rap","sunny, lt./mod. wind, ~5o",
544599,5993856,RS/CF,10/6/00,13:00,,,10/11/00,13:27,120.5,10,9,0.6,SK,BTM,0,,1,,,,,,1,"West end, along S shore across from Park, on top of rlwy. rip rap in shallow water","sunny, lt./mod. wind, ~5o",
543598,5993261,RS/CF,10/6/00,13:24,,,10/11/00,13:48,120.4,10,9,0.6,SK,BTM,0,1,,,,,,,1,"West end, along S shore across from boat launch, on top of rlwy. rip rap in shallow water","sunny, lt./mod. wind, ~5o",
544656,5993877,RS/CF,10/6/00,12:57,,,10/11/00,13:21,120.4,10,9,0.3,SK,BTM,0,,,,,,,,1,"West end, along S shore across from Park, on top of rlwy. rip rap in shallow water","sunny, lt./mod. wind, ~5o",
544768,5993925,RS/CF,10/6/00,12:50,,,10/11/00,13:11,120.4,10,9,0.8,SK,BTM,0,,2,,,,,,1,"West end, along S shore across from Park, off rlwy. rip rap","sunny, lt./mod. wind, ~5o",
543656,5993359,RS/CF,10/6/00,13:17,,,10/11/00,13:40,120.4,10,9,1.2,SK,BTM,0,,,,,,,,1,"West end, along S shore across from boat launch at CV","sunny, lt./mod. wind, ~5o",
543421,5993420,CG/CF,10/11/00,14:29,,,10/13/00,12:00,45.5,9,9,0.3,NSC,BTM,0,,,,,,,,1,"West end, along N shore east of boat launch, off hwy. rip rap"," clear, lt. wind, ~2o",
542902,5994073,CG/CF,10/11/00,14:54,,,10/13/00,11:36,44.7,9,9,0.3,NSC,BTM,0,,,,,,,,1,"West end, along N shore, west of boat launch, off hwy. rip rap"," clear, lt. wind, ~2o",
543572,5994535,CG/CF,10/11/00,14:18,,,10/13/00,12:06,45.8,9,9,0.3,NSC,BTM,0,,,,,,,,1,"West end, along N shore east of boat launch, off hwy. rip rap"," clear, lt. wind, ~2o",
542932,5994110,CG/CF,10/11/00,14:50,,,10/13/00,11:39,44.8,9,9,0.3,NSC,BTM,0,,,,,,,,1,"West end, along N shore, west of boat launch, off hwy. rip rap"," clear, lt. wind, ~2o",
543502,5994511,CG/CF,10/11/00,14:23,,,10/13/00,12:03,45.7,9,9,0.5,NSC,BTM,0,,,,,,,,1,"West end, along N shore east of boat launch, off hwy. rip rap"," clear, lt. wind, ~2o",
542970,5994151,CG/CF,10/11/00,14:47,,,10/13/00,11:42,44.9,9,9,0.3,NSC,BTM,0,,,,,,,,1,"West end, along N shore, west of boat launch, off hwy. rip rap"," clear, lt. wind, ~2o",
543211,5994296,CG/CF,10/11/00,14:37,,,10/13/00,11:51,45.2,9,9,0.5,NSC,BTM,0,,,,,,,,1,"West end, along N shore east of boat launch, off hwy. rip rap"," clear, lt. wind, ~2o",
543311,5994421,CG/CF,10/11/00,14:32,,,10/13/00,11:56,45.4,9,9,0.3,NSC,BTM,0,,,,,,,,1,"West end, along N shore east of boat launch, off hwy. rip rap"," clear, lt. wind, ~2o",
543018,5994195,CG/CF,10/11/00,14:42,,,10/13/00,11:45,45.0,9,9,0.4,NSC,BTM,0,1,,,,,,,1,"West end, along N shore, west of boat launch, off hwy. rip rap"," clear, lt. wind, ~2o",
542860,5994049,CG/CF,10/11/00,14:57,,,10/13/00,11:30,44.5,9,9,0.3,NSC,BTM,0,,1,,,,,,1,"West end, along N shore, west of boat launch, off hwy. rip rap"," clear, lt. wind, ~2o",
546415,5994534,RS/CF,10/16/00,11:57,,,10/20/00,13:05,97.1,8,8,0.4,CTF,BTM,0,,,,,,,,1,"East end, south shore of narrows, tied to offshore bulrush, out from rlwy. rip rap","pt. cloudy, calm, ~4o",
546199,5994512,RS/CF,10/16/00,12:06,,,10/20/00,12:40,96.6,8,8,0.5,CTF,BTM,0,,,,,,,,1,"East end, south shore of narrows, tied to horsetail, lily pads and submergents in area","pt. cloudy, calm, ~4o",
546978,5995535,RS/CF,10/16/00,11:43,,,10/20/00,12:12,96.5,8,8,0.6,CTF,BTM,0,,,,,,,,1,"East end, along N shore east of narrows, tied to bulrush","pt. cloudy, calm, ~4o",
547112,5994851,RS/CF,10/16/00,11:15,,,10/20/00,11:56,96.7,8,8,0.5,CTF,BTM,0,,,,,,,,1,"East end, along SE shore, tied to bulrush","pt. cloudy, calm, ~4o",
547131,5995635,RS/CF,10/16/00,11:30,,,10/20/00,12:23,96.9,8,8,0.4,CTF,BTM,0,,,,,,,,1,"East end, along N shore east of narrows, tied to bulrush, heavy submergents in area","pt. cloudy, calm, ~4o",
547017,5995511,RS/CF,10/16/00,11:40,,,10/20/00,12:20,96.7,8,8,0.6,CTF,BTM,0,,,,,,,,1,"East end, along N shore east of narrows, tied to sedge grass","pt. cloudy, calm, ~4o",
546435,5994540,RS/CF,10/16/00,11:52,,,10/20/00,13:00,97.1,8,8,0.5,CTF,BTM,0,,,,,,,,1,"East end, south shore of narrows, tied to offshore bulrush, out from rlwy. rip rap","pt. cloudy, calm, ~4o",
546250,5994517,RS/CF,10/16/00,12:00,,,10/20/00,13:12,97.2,8,8,0.6,CTF,BTM,0,,,,,,,,1,"East end, south shore of narrows, tied to sedge/horsetail, lily pads and submerg. In area","pt. cloudy, calm, ~4o",
544586,5994981,RS/CF,10/17/00,10:32,,,10/20/00,13:25,74.9,9,8,0.6,PCC,BTM,0,,,,,,,,1,"East end, along N shore off hwy. rip rap, east of Park","overcast, shwrs., lt. wind, ~4o",
544662,5995008,RS/CF,10/17/00,10:36,,,10/20/00,13:20,74.7,9,8,0.5,PCC,BTM,0,,,,,,,,1,"East end, along N shore off hwy. rip rap, east of Park","overcast, shwrs., lt. wind, ~4o",
544312,5994908,RS/CF,10/17/00,10:10,,,10/20/00,13:35,75.4,9,8,0.5,PCC,BTM,0,,1,,,,,,1,"East end, along N shore off hwy. rip rap, east of Park","overcast, shwrs., lt. wind, ~4o",
544359,5994936,RS/CF,10/17/00,10:15,,,10/20/00,13:40,75.4,9,8,0.5,PCC,BTM,0,,,,,,,,1,"East end, along N shore off hwy. rip rap, east of Park","overcast, shwrs., lt. wind, ~4o",
544395,5994942,RS/CF,10/17/00,10:20,,,10/20/00,13:42,75.4,9,8,0.7,PCC,BTM,0,,1,,,,,,1,"East end, along N shore off hwy. rip rap, east of Park","overcast, shwrs., lt. wind, ~4o",
544441,5994955,RS/CF,10/17/00,10:23,,,10/20/00,13:30,75.1,9,8,1.2,PCC,BTM,0,,1,,,,,,1,"East end, along N shore off hwy. rip rap, east of Park","overcast, shwrs., lt. wind, ~4o",
544528,5994975,RS/CF,10/17/00,10:27,,,10/20/00,13:21,74.9,9,8,0.9,PCC,BTM,0,,,,,,,,1,"East end, along N shore off hwy. rip rap, east of Park","overcast, shwrs., lt. wind, ~4o",
,,,,,,,,,10065.9,,,,,,2,9,12,13,6,2,5,0,,,,
,,,,,,,,,,,,,,,,,,,,,,47,,,,