Easting UTM (ZONE 10:NAD 83),Northing UTM (ZONE 10:NAD 83),Personnel,Set Date,Set Time,Pull Date,Pull Time,Total Effort Hours,Water Temp C at Set,Water Temp C at Pull,Depth at Box (m),Lead Height (m),No. Burbot,NSC,CSU,LSU,PCC,RSC,RB,Sampling Efficiency,Site Description,Set Weather,Comments
541743,5992427,RS/CF,9/5/00,11:30,9/6/00,12:15,24.8,14,15,1.5,6',3,9,3,1,,,,1,"West end, off N shore of oulet mouth and large landing","pt. cloudy, mod. wind, ~12o",Reset at same location.
541743,5992427,RS/CF,9/6/00,12:55,9/7/00,11:25,22.5,15,14,1.5,6',1,10,,1,,,,1,"West end, off N shore of oulet mouth and large landing","sunny, lt. wind, ~15o",Reset at same location.
541743,5992427,RS/CF,9/7/00,11:45,9/11/00,11:45,96.0,14,14,1.5,6',3,14,2,2,1,,,1,"West end, off N shore of oulet mouth and large landing","overcast, lt. wind, shwrs., ~12o",Large BB (750mm) continues to be held for radio tag demonstration by EDI
541743,5992427,RS/CF/RVS,9/11/00,12:25,9/14/00,13:50,73.4,14,15,1.5,6',5,30,6,2,,,,2,"West end, off N shore of oulet mouth and large landing","overcast, calm, rain, ~7o","BB appear not to have eaten.  Interestingly, no PCC were in the catch.  Large BB (750mm) radio tagged today."
541743,5992427,RS/CF,9/14/00,14:15,9/15/00,9:55,19.7,15,14,1.5,6',1,14,2,,,,,1,"West end, off N shore of oulet mouth and large landing","pt. cloudy, lt. wind, ~20o",Moved and sunk set to bottom in deeper water.
,,,,,,,236.4,,,,,13,77,13,6,1,0,0,,,,
546121,5994920,RS/CG,8/8/00,11:15,8/8/00,14:35,3.3,21,22,1.6,6',0,15,1,,1,,,2,"In narrows towards east end, off willow/sedge point on N shore","pt. cloudy, lt. wind, ~20o",Quick set to acquire bait for setlines and box traps. Reset at same location
546121,5994920,RS/CG,8/8/00,14:45,8/9/00,11:20,20.6,22,21,1.6,6',0,7,1,,2,1,,1,"In narrows towards east end, off willow/sedge point on N shore","overcast, lt. wind, ~21o",Reset at same location.
546121,5994920,RS/CF,8/9/00,11:30,8/10/00,9:30,22.0,21,20,1.6,6',0,85,14,1,,,,3,"In narrows towards east end, off willow/sedge point on N shore","pt. cloudy, mod. wind, ~20o",Reset at same location.
546121,5994920,RS/CF,8/10/00,10:00,8/11/00,9:35,23.6,20,19,1.6,6',0,37,11,3,,,,2,"In narrows towards east end, off willow/sedge point on N shore","sunny, lt. wind, warm",Tied off for weekend
549631,5995670,RS/CF,8/14/00,13:15,8/15/00,12:00,22.7,20,21,1.8,6',0,25,75,6,11,,,4,"East end, off N shore sedge/willow point in inlet bay","sunny, lt. wind, ~21o",Reset at same location.
549631,5995670,RS/CF,8/15/00,12:20,8/16/00,11:55,23.6,20,21,1.8,6',0,21,61,4,3,,,3,"East end, off N shore sedge/willow point in inlet bay","pt. cloudy, calm, ~20o",Some very large CSU and NSC in last 2 days; estimate 1.5kg+. Reset at same location.
549631,5995670,RS/CF,8/16/00,12:15,8/17/00,11:20,23.1,21,19,1.8,6',0,7,16,2,10,,,2,"East end, off N shore sedge/willow point in inlet bay","pt. cloudy, lt./mod. wind, ~20o",Reset at same location. Photos taken of all coarse fish spp.
549631,5995670,RS/CF,8/17/00,11:40,8/18/00,10:15,22.6,19,18,1.8,6',0,15,3,2,,,,1,"East end, off N shore sedge/willow point in inlet bay","overcast, lt. wind, ~18o",Tied off for weekend
541774,5992389,RS/CF,8/23/00,14:55,8/24/00,10:50,19.9,19,18,1.8,6',0,37,8,1,5,,,3,"West end, off S shore of mouth of outlet","overcast, lt. wind, ~20o",Tied off for weekend
541774,5992389,RS/CF,8/28/00,17:15,8/30/00,9:40,40.4,16,16,1.8,6',6,85,60,1,10,,,4,"West end, off S shore of mouth of outlet","overcast, lt. wind, drizzle, ~14o",Reset at same location.
541774,5992389,RS/CF,8/30/00,11:05,8/31/00,9:45,22.7,16,16,1.8,6',1,11,6,2,1,,,1,"West end, off S shore of mouth of outlet","pt. cloudy, mod. wind, ~10o",Reset at same location.
541774,5992389,RS/CF/JB/TF,8/31/00,10:10,9/3/00,12:40,74.5,16,15,1.8,6',0,19,20,,5,,,2,"West end, off S shore of mouth of outlet","overcast, calm, rain, ~10o",Poor catch for 3 day set.
541774,5992389,RS/TF/CF,9/3/00,13:05,9/5/00,10:30,45.4,15,14,1.8,6',1,35,10,1,,,,2,"West end, off S shore of mouth of outlet","overcast, calm, ~8o",Moved set
541774,5992387,RS/BT,7/24/00,20:48,7/25/00,16:00,20.2,22,22,2.0,6',0,12,5,1,,1,,1,"West end,  mid-lake in outlet bay as it starts to narrow","pt. cloudy, lt. wind, ~18o",Many fish may have been in heart area.  Ensured funnel opening OK upon reset at same location.
541774,5992387,RS/CG,7/25/00,16:15,7/26/00,14:15,22.0,22,22,2.0,6',0,1,,,1,,,1,"West end,  mid-lake in outlet bay as it starts to narrow","overcast, lt. wind",Retied funnel opening as it may not have been hanging properly. Reset at same location.
541774,5992387,RS/CG,7/26/00,14:15,7/27/00,11:00,20.7,22,22,2.0,6',3,31,16,1,,,,2,"West end,  mid-lake in outlet bay as it starts to narrow","pt. cloudy, lt. wind, ~21o",Reset at same location.  
541774,5992387,RS/CG,7/27/00,11:45,7/28/00,11:25,23.7,22,22,2.0,6',0,30,4,1,1,,,2,"West end,  mid-lake in outlet bay as it starts to narrow","overcast, lt. wind, ~20o",Reset at same location.
541774,5992387,RS/CG,7/28/00,11:40,7/30/00,20:15,32.6,21,24,2.0,6',0,120,30,2,1,,,4,"West end,  mid-lake in outlet bay as it starts to narrow","pt. cloudy, lt. wind, ~20o",
541774,5992387,RS/CG,7/30/00,20:36,7/31/00,11:15,14.6,24,22,2.0,6',1,13,14,,3,2,,2,"West end,  mid-lake in outlet bay as it starts to narrow","sunny, calm, ~20o",Moved TN
541700,5992312,RS/CG,7/31/00,12:15,8/1/00,13:30,25.3,22,19,2.0,6',0,76,2,1,,,,3,"West end, NW shore, into outlet bay as it starts to narrow","pt. cloudy, lt. wind, ~22o",Reset at same location.
541700,5992312,RS/CG,8/1/00,13:40,8/2/00,11:00,21.3,19,19,2.0,6',0,4,,,2,,,1,"West end, NW shore, into outlet bay as it starts to narrow","overcast, lt. wind, drizzle, ~14o",Poor catch. Straightened center lead.  Trap appears to be OK. Reset at same location.
541700,5992312,RS/CG,8/2/00,11:00,8/3/00,11:30,24.5,19,21,2.0,6',0,1,,,,,,1,"West end, NW shore, into outlet bay as it starts to narrow","overcast, lt. wind, ~18o",Very poor catch.  Funnel appears OK.  Moved net ~20m west further into outlet channel and reset.
541677,5992308,RS/CG,8/3/00,12:20,8/4/00,13:40,25.3,21,24,2.0,6',1,4,1,,,,,1,"West of large hwy. landing, off N shore into outlet","pt. cloudy, calm, ~22o",Tied off for weekend
,,,,,,,594.6,,,,,13,691,358,29,56,4,0,,,,
548223,5996103,RS/CF,10/20/00,11:40,10/25/00,10:15,118.6,8,6,2.1,6',6,,16,6,1,,,1,"East end, out from small private property along NE shore ~125m","overcast, calm, rain, ~5o",
548223,5996103,RS/CF,10/25/00,11:00,10/30/00,12:00,121.0,6,5,2.1,6',9,1,4,2,,,,1,"East end, NE shore, out from private property ~125m.","overcast, lt. wind, drizzle, ~5o",Pulled and moved to west end.
546243,5994848,RS/CF,10/4/00,12:20,10/6/00,10:10,45.8,10,10,2.4,6',2,2,35,5,,,,2,"In narrows towards east end, mid-lake","sunny, calm, ~0o",One large NSC (~1.5kg)
546243,5994848,RS/CF,10/6/00,10:50,10/10/00,13:45,98.5,10,9,2.4,6',0,2,35,9,,,,1,"In narrows towards east end, mid-lake","sunny, lt. wind,  ~0o",
546243,5994848,RS/CF,10/10/00,14:10,10/12/00,10:00,43.8,9,9,2.4,6',4,1,10,5,,,,2,"In narrows towards east end, mid-lake","pt. cloudy, calm, ~8o",Move set.
,,,,,,,427.7,,,,,21,6,100,27,1,0,0,,,,
541742,5992384,RS/JY,11/6/00,14:20,11/8/00,12:00,45.7,5,5,3.0,6',2,,,,,,,1,"West end, off N shore of oulet mouth and large landing/pull over","overcast, lt. wind, ~5o",Pulled from Lake.  
,,,,,,,45.7,,,,,2,0,0,0,0,0,0,,,,
547933,5995254,RS/CF,10/12/00,11:45,10/16/00,10:25,94.7,9,8,3.5,6',0,,,,,,,1,"East end, off small willow/sedge point along S shore","sunny, lt. wind,  ~2o",Empty.  May have been tampered with as some lines appear to be tied differently at box.
547933,5995254,RS/CF,10/16/00,10:45,10/19/00,12:05,73.3,8,8,3.5,6',0,,6,2,,,,1,"East end, SE shore, out from a willow/sedge point","pt. cloudy, lt. wind, ~4o",
547933,5995254,RS/CF,10/19/00,12:25,10/20/00,10:30,142.1,8,8,3.5,6',0,,5,,,,,1,"East end, SE shore, out from a willow/sedge point","overcast, lt./mod. wind, ~6o",Pulled and moved.  One wing found to be non-functional upon pulling b/c of dead head in center lead.
,,,,,,,310.1,,,,,0,0,11,2,0,0,0,,,,
548637,5995452,RS/CF,10/19/00,15:45,10/25/00,11:15,139.5,8,6,4.2,14-18',7,4,34,2,,,,1,"East end, SE shore, ~25m out from a willow/sedge point","overcast, lt. wind, ~4o",Net has shifted from past days winds.  Pulled and moved.
549307,5995508,RS/CF,10/25/00,13:20,10/30/00,10:40,117.3,6,5,4.2,14-18',18,,2,3,1,,,2,"East end, SE corner, out from point at mouth to inlet","overcast, lt. wind, ~5o",
549307,5995508,RS/CF,10/30/00,11:45,11/2/00,10:00,70.2,5,6,4.2,14-18',24,1,3,,,,,3,"East end, SE corner, out from point at mouth to inlet","overcast, lt. wind, ~5o",Pulled and moved net to Park point.
542040,5992471,RS/CF,9/15/00,13:40,9/18/00,10:45,69.1,15,14,4.5,6',4,8,,,,,,1,"West end, out from mouth of Bateman Cr. along SW shore","sunny, calm, ~18o",Trap net is sunk to bottom.  Left at same location.
542040,5992471,RS/CF,9/18/00,11:45,9/20/00,10:10,46.4,13,13,4.5,6',2,,,,,,,1,"West end, out from mouth of Bateman Cr. along SW shore","sunny, lt./mod. wind, ~12o",Moved set.  First pull with no coarse fish.
,,,,,,,442.5,,,,,55,13,61,9,1,0,0,,,,
544481,5994805,RS/CF,10/10/00,13:35,10/12/00,12:00,46.4,9,10,5.0,14-18',15,,2,,27,,1,3,"East of Park point, off N shore ~50m","pt. cloudy, lt. wind, ~8o",One RB (FL = 278)
544481,5994805,RS/CF,10/12/00,13:25,10/16/00,12:20,94.9,10,9,5.0,14-18',23,2,18,1,,,,3,"East of Park point, off N shore ~50m","pt. cloudy, calm, ~10o",One regurgitated PCC noted in recovery bucket.  5 BB kept.
544481,5994805,RS/CF,10/16/00,14:35,10/19/00,12:40,70.1,9,8,5.0,14-18',12,,,,,,,2,"East of Park point, off N shore ~50m","pt. cloudy, lt. wind, ~8o",Moved set.  No coarse fish.
,,,,,,,211.4,,,,,50,2,20,1,27,0,1,,,,
542466,5992565,RS/CF,9/20/00,11:45,9/26/00,9:55,142.2,13,13,5.1,6',4,10,5,4,,,,1,"West end, off rip rap point along SW shore","overcast, lt. wind, ~8o",Moved set
544160,5994507,RS/CF,8/29/00,11:05,8/30/00,14:15,27.2,16,16,5.2,14-18',14,1,1,,250,,,4,Off Park point,"overcast, calm, drizzle",Reset at same location.
544160,5994507,RS/CF,8/30/00,16:00,8/31/00,10:45,18.7,16,16,5.2,14-18',5,18,16,,19,,,3,Off Park point,"overcast, shwrs., calm, ~15o",Some red spotting on the skin of some BB today and yesterday
544160,5994507,RS/CF/JB/TF,8/31/00,11:30,9/3/00,13:45,74.3,16,15,5.2,14-18',15,20,115,,52,,,4,Off Park point,"overcast, lt. wind, shwrs., ~12o",Regurgitated PCC noted in holding bucket
544160,5994507,RS/TF/CF,9/3/00,15:45,9/6/00,10:15,66.5,15,14,5.2,14-18',8,3,36,,41,,,3,Off Park point,"overcast, calm, ~8o",Reset at same location.
544160,5994507,RS/CF,9/6/00,11:30,9/8/00,13:50,50.3,15,14,5.2,14-18',9,15,30,,128,,1,4,Off Park point,"sunny, calm, ~15o",RB = 232mm FL and healthy.  Several very large NSC.  Processed and released BB off N shore west of Park re: calmer conditions.  Held largest BB (750mm) in small TN re: radio tag.
544160,5994507,RS/CF,9/8/00,14:30,9/11/00,13:00,70.5,13,14,5.2,14-18',2,3,47,2,6,,,2,Off Park point,"overcast, lt./mod. wind, shwrs., ~14o","Large BB (560mm) kept in TN for radio tag .  One very large NSC, ~2kg+."
544160,5994507,RS/CF/RVS,9/11/00,13:40,9/14/00,10:30,68.8,14,14,5.2,14-18',4,2,110,2,10,,,4,Off Park point,"overcast, lt. wind, rain, ~6o",Moved set.  Large BB (560mm) had escaped.
541763,5992600,RS/CF,10/30/00,13:30,11/2/00,12:45,71.2,6,6,5.2,6',5,,,,,,,1,"West end, NW shore, off large landing/pull over","overcast, lt./mod. wind, ~5o",All fish released at boat launch b/c of wind.
541763,5992600,RS/CF,11/2/00,13:00,11/6/00,13:20,96.3,6,5,5.2,6',1,,,,,,,1,"West end, NW shore, off large landing/pull over","overcast, lt./mod. wind, ~5o",Pulled and moved.  One wing found to be non-functional upon pulling b/c of dead head in center lead.
543619,5994455,RS/CF,9/27/00,14:05,9/28/00,11:15,21.2,15,13,5.4,14-18',0,3,2,,3,,,1,"West end, off N shore between boat launch and Park point","sunny, calm, ~18o",
543619,5994455,RS/CF,9/28/00,12:00,10/2/00,12:15,96.3,13,12,5.4,14-18',9,6,1,,1,,,1,"West end, off N shore between boat launch and Park point","sunny, calm, ~15o",
543619,5994455,RS/CF,10/2/00,13:54,10/4/00,13:00,95.1,12,10,5.4,14-18',4,3,1,,,,,1,"West end, off N shore between boat launch and Park point","overcast, lt. wind, ~7o",
543619,5994455,RS/CF,10/4/00,13:45,10/6/00,11:00,45.2,10,10,5.4,14-18',6,10,3,,2,,,2,"West end, off N shore between boat launch and Park point","sunny, calm, ~2o",
543619,5994455,RS/CF,10/6/00,12:00,10/10/00,10:45,94.7,10,9,5.4,14-18',13,6,4,3,,,,2,"West end, off N shore between boat launch and Park point","sunny, lt./mod. wind, ~4o",Move set.
544987,5994224,RS/CF,9/26/00,12:10,9/28/00,10:30,46.3,12,13,5.4,6',0,,,,,,,1,"West end, off small point along S shore, SE of Park point","sunny, calm, ~14o",Zero catch likely the result of the center lead being tangled around heart area.  Fixed and reset.
544987,5994224,RS/CF,9/28/00,11:00,10/2/00,11:25,96.4,13,12,5.4,6',3,,19,,,,,1,"West end, off small point along S shore, SE of Park point","sunny, calm, ~15o",
544987,5994224,RS/CF,10/2/00,11:55,10/4/00,10:15,46.3,12,10,5.4,6',3,,1,,,,,1,"West end, off small point along S shore, SE of Park point","overcast, lt. wind, ~7o",Move set.
543922,5993678,RS/CF,9/19/00,14:05,9/20/00,12:05,22.0,14,13,5.5,14-18',0,1,10,1,4,,,1,"West end, off S shore, straight across from boat launch","pt. cloudy, lt. wind, ~15o",
543922,5993678,RS/CF,9/20/00,12:15,9/25/00,14:00,121.8,13,15,5.5,14-18',5,,6,,5,,,1,"West end, off S shore, straight across from boat launch","overcast, lt. wind, ~8o",Center and wing leads moved by wind.  Realigned and reset
543922,5993678,RS/CF,9/25/00,15:00,9/27/00,12:00,69.0,15,13,5.5,14-18',0,4,148,3,4,,,4,"West end, off S shore, straight across from boat launch","sunny, calm, ~20o","No BB, yet a high no. of coarse fish particularily suckers."
,,,,,,,1440.3,,,,,110,105,555,15,525,0,1,,,,
542398,5993657,RS/CF,9/14/00,13:20,9/15/00,14:00,24.7,16,15,6.0,14-18',2,8,5,1,140,,,4,"West end, off NW shore from small hwy. pull over","sunny, calm, ~20o",Few BB considering large no. of PCC
542409,5993658,RS/CF,9/15/00,14:45,9/18/00,12:15,69.5,15,14,6.0,14-18',4,7,7,,5,,,1,"West end, off NW shore from small hwy. pull over","sunny, calm, ~20o",Center lead badly bowed upon arrival.  Fixed and reset.
542409,5993658,RS/CF,9/18/00,13:40,9/19/00,12:25,22.7,14,14,6.0,14-18',1,2,1,,,,,1,"West end, off NW shore from small hwy. pull over","sunny, lt./mod. wind, ~12o",Moved set.
,,,,,,,116.9,,,,,7,17,13,1,145,0,0,,,,
544208,5994531,RS/CF,11/2/00,12:30,11/6/00,12:20,95.8,6,5,6.4,14-18',11,,,,,,,2,Off Park point,"overcast, lt. wind, drizzle, ~5o",
544208,5994531,RS/JY,11/6/00,13:05,11/8/00,10:10,45.1,5,5,6.4,14-18',12,,,,,2,,2,Off Park point,"overcast, lt. wind, ~1o",Pulled from Lake.  
,,,,,,,140.9,,,,,23,34,26,1,290,2,0,,,,