2000/01 Assessment of Burbot in Eaglet Lake,,,,,,,,,,,,,,,,,,,
Appendix 4:  Box Trap Data,,,,,,,,,,,,,,,,,,,
UTM (ZONE 10:NAD 83),,Personnel,Set,,Pull,,Total Effort (hrs),Water Temp (oC),,Set Depth (m),Bait Type,Set Location,No. Burbot ,Incidental Fish,,Sampling Efficiency,Site Description,Set Weather,Comments
Easting,Northing,,Date,Time,Date,Time,,Set,Pull,,,,,Species,No.,,,,
542423,5992665,RS/CS,7/26/00,13:25,7/27/00,11:55,22.5,22,22,6.0,FSH,B,1,NFC,0,2,"SW lake, ~80m off shore near Bateman Cr. Inlet","pt. cloudy, lt. wind, ~23o","BB dead, probable asfixiation.  Kept/frozen. Muddy btm., silt/clay/organic."
543911,5994314,RS/CS,7/26/00,15:35,7/27/00,13:55,22.5,22,22,7.5,FSH,B,0,NFC,0,1,"Mid-lake, SW of Park point","cloudy, shwrs., ~21o","Muddy btm., silt/clay/organic"
542256,5992757,RS/CS,7/27/00,12:10,7/28/00,12:50,24.7,22,21,7.0,FSH,B,1,NFC,0,2,"Mid-lake, ~500m east of outlet bay","overcast, lt. wind, ~20o","Muddy btm., silt/clay/organic"
543718,5994552,RS/CS,7/27/00,14:00,7/28/00,13:40,23.7,22,22,4.1,FSH,B,0,NFC,0,1,"West of Park point, ~80m off N shore","overcast, lt. wind, ~20o","Muddy btm., silt/clay/organic"
542971,5994119,RS/CS,7/31/00,14:18,8/1/00,15:30,25.2,24,20,1.5,FSH,B,0,NFC,0,1,"NW shore off hwy. rip rap, west of boat launch","sunny, calm, ~23o",
542521,5993809,RS/CS,7/31/00,14:25,8/1/00,15:17,24.9,23,20,3.0,FSH,B,0,NFC,0,1,"NW shore off hwy. rip rap, west of boat launch","sunny, calm, ~23o",
543128,5994211,RS/CS,8/1/00,15:33,8/2/00,13:58,22.5,20,22,1.3,FSH,B,0,NFC,0,1,"Off boat launch, out from horsetail and lily pads","overcast, lt.-mod. wind, drizzle",
542391,5993694,RS/CS,8/1/00,15:24,8/2/00,13:52,22.5,20,22,4.2,FSH,B,0,NFC,0,1,"NW shore, off small hwy. pull over","cloudy, cool, drizzle",
544007,5993631,RS/CS,8/2/00,14:35,8/3/00,15:11,24.6,22,26,2.4,FSH,B,0,NFC,0,1,"Off SW shoreline, across from boat launch area","pt. cloudy, lt. wind, ~20o",Dead NSC floating near shore
544335,5993779,RS/CS,8/2/00,14:30,8/3/00,15:05,24.6,22,26,4.2,FSH,B,0,NFC,0,1,"Off SW shoreline, across from boat launch area","pt. cloudy, lt. wind, ~20o",
544517,5994352,RS/CS,8/3/00,14:00,8/4/00,11:21,21.3,24,22,7.0,FSH,B,0,NFC,0,1,"Mid-lake, SE of Park point","pt. cloudy, lt. wind, warm",
544276,5994193,RS/CS,8/3/00,15:14,8/4/00,11:10,20.0,23,22,7.4,FSH,B,2,NFC,0,4,"Mid-lake, south of Park point","pt. cloudy, lt. wind, warm","Both BB dead, probable asfixiation.  Kept/frozen."
546101,5994864,RS/CS,8/8/00,14:57,8/9/00,11:40,20.7,22,21,2.5,FSH,B,0,NFC,0,1,"Off mid-lake point where lake is narrowest, N shore","pt. cloudy, lt. wind, ~21o",
546250,5994742,RS/CS,8/8/00,15:05,8/9/00,11:47,20.7,22,21,3.0,FSH,B,0,NFC,0,1,"Within mid-lake of narrows, ~200m from N shore","pt. cloudy, lt. wind, ~21o",
545979,5994843,RS/CF,8/9/00,12:00,8/10/00,10:15,22.2,21,20,3.1,FSH,B,0,NFC,0,1,West of lake narrows out from N shore,"pt. cloudy, mod. wind, ~20o",
546273,5994918,RS/CF,8/9/00,11:42,8/10/00,10:02,22.3,21,20,2.1,FSH,B,0,NFC,0,1,East of lake narrows off N shore,"pt. cloudy, mod. wind, ~20o",
545919,5994503,RS/CF,8/10/00,10:20,8/11/00,10:30,23.8,20,19,3.6,FSH,B,0,NFC,0,1,Off mid-south shore,"sunny, lt. wind, ~20o",Replaced bait
546639,5994992,RS/CF,8/10/00,10:10,8/11/00,10:00,23.8,20,19,1.8,FSH,B,0,NSC,1,2,Mid-lake within narrows,"sunny, lt. wind, ~20o",Replaced bait.  NSC released
546967,5995143,RS/CF,8/14/00,14:20,8/15/00,13:00,22.7,21,21,2.1,CHK,B,0,NFC,0,1,"Mid-lake, east end","pt. cloudy, lt. wind, 21o",
547500,5995275,RS/CF,8/14/00,14:30,8/15/00,12:52,22.4,21,21,3.2,CHK,B,0,NFC,0,1,"East of mid-lake, N of where rlwy. skirts lake","pt. cloudy, lt. wind, 21o",
547255,5995517,RS/CF,8/15/00,13:10,8/16/00,12:36,23.4,21,20,1.5,CHK/NSC,B,0,NFC,0,1,"NE lake, ~50m off N shore","pt. cloudy, calm, ~21o",
547478,5994946,RS/CF,8/15/00,12:56,8/16/00,12:24,23.5,21,20,1.7,CHK,B,0,NFC,0,1,East of mid-lake in small bay off south shore,"pt. cloudy, calm, ~21o",
547833,5995472,RS/CF,8/16/00,12:32,8/17/00,10:53,22.3,20,19,4.2,PCC/CHK,B,0,NFC,0,1,"Mid-lake, east end","pt. cloudy, lt./mod. wind, ~20o",
547801,5995800,RS/CF,8/16/00,12:45,8/17/00,11:05,22.3,20,19,1.5,NSC/CHK,B,0,NFC,0,1,"East end, off sedge/willow point on N shore","pt. cloudy, lt./mod. wind, ~20o",
548278,5995361,RS/CF,8/17/00,10:57,8/18/00,11:45,24.8,19,18,3.3,PCC/CHK,B,0,NFC,0,1,"East end, off SE shore in mouth of small bay","overcast, calm, ~18o",
548201,5995890,RS/CF,8/17/00,11:08,8/18/00,11:40,24.5,19,18,3.0,NSC/CHK,B,0,NFC,0,1,"Mid-lake, east end","overcast, calm, ~18o",
544387,5994430,RS/CF,8/23/00,14:15,8/24/00,10:40,20.5,18,18,3.6,NSC,M,0,NFC,0,1,"Mid-lake, off Park point","overcast, lt. wind, shwrs., ~18o",Trap suspended ~half way down set rope. Max. depth = 7.1m. 
544261,5994338,RS/CF,8/23/00,12:40,8/24/00,10:00,21.3,18,18,3.7,NSC,M,1,PCC,1,3,"Mid-lake, SW of Park point","overcast, lt. wind, rain, ~18o",Trap suspended ~half way down set rope. PCC released.  Max. depth = 7.3m. 
543766,5993942,RS/CF,8/28/00,15:30,09/25/00,-,-,16,-,-,PCC/NSC,-,-,-,-,-,"Mid-lake, west end, south of boat launch","overcast, mod. wind, shwrs., ~15o",Trap lost when set.  Unsuccessful attempt to retrieve w/diver on 09/25/00.  Max. depth = 7.4m.
543857,5994142,RS/CF,8/28/00,15:17,8/31/00,11:45,69.3,16,16,3.8,PCC/NSC,M,2,NFC,0,4,"West end, off N shore, SE boat launch","overcast, mod. wind, shwrs., ~15o","Trap suspended ~half way down set rope.  Max. depth = 7.6m. One BB caught on 08/29, and the other on 08/31.  Put in fresh NSC bait on 08/30."
543111,5993369,RS/CF,9/5/00,12:50,9/6/00,12:00,23.2,15,16,3.3,PCC,M,0,PCC,1,2,"West end, mid-lake, SW of boat launch","pt. cloudy, windy, ~14o",Trap suspended ~half way down set rope. Max. depth = 7.5m.  
542517,5993611,RS/CF,9/6/00,12:10,9/7/00,11:50,23.7,16,14,3.7,PCC,M,0,NFC,0,1,"Off NW shore, south of small hwy. pull over","sunny, calm, ~15o",Trap suspended ~half way down set rope. Max. depth = 7.6m.  
542752,5993459,RS/CF,9/7/00,12:15,9/8/00,16:15,30.0,14,14,5.5,PCC,M,0,NFC,0,1,"Mid-lake, west end","overcast, shwrs., lt. wind, 12o",Trap suspended more than half way down set rope. Max. depth = 8.2m.  
544327,5994348,RS/CF,9/11/00,13:50,9/14/00,12:05,70.2,14,14,5.7,PCC,M,0,NFC,0,1,"Mid-lake, south of Park point","overcast, rain, lt. wind, ~6o",Trap suspended more than half way down set rope. Max. depth = 7.7m. Bait gone. 
544148,5994196,RS/CF,9/14/00,14:35,9/15/00,12:05,21.5,14,16,6.2,NSC,B,1,NFC,0,2,"Mid-lake, SW of Park point","pt. cloudy, lt. wind, ~18o",Trap suspended ~2.0m from bottom.. Max. depth = 8.2m. Bait gone. BB radio tagged.
543992,5994237,RS/CF,9/18/00,10:25,9/19/00,14:25,28.0,14,14,7.7,PCC,B,0,NFC,0,1,"Mid-lake, SW Park point","sunny, lt. wind, ~10o",One bait PCC gone
544256,5994382,RS/CF,9/19/00,14:35,9/20/00,13:18,22.7,14,13,3.6,PCC,M,0,NFC,0,1,"Mid-lake, south of Park point","pt. cloudy, lt. wind, ~15o",Trap suspended ~ half way down set rope. Max. depth = 7.3m. 
544467,5994482,RS/CF,9/20/00,13:20,9/21/00,11:30,22.2,13,12,7.3,PCC,B,0,NFC,0,1,"Mid-lake, SE of Park point","overcast, shwrs., lt. wind, ~8o",
544024,5993719,RS/CF,9/25/00,15:15,9/26/00,13:20,22.1,15,14,3.7,PCC/NSC,M,0,NFC,0,1,"West end, south shore, next to TN","sunny, calm, ~20o",Bait gone but one corner of trap was open.
543942,5993695,RS/CF,9/26/00,13:30,9/27/00,14:15,25.8,14,14,4.4,NSC,B,1,NFC,0,2,"West end, south shore, next to TN","sunny, calm, ~18o",Bait eaten.
544167,5994518,RS/CF,9/27/00,14:40,9/28/00,12:10,21.5,15,13,5.5,FSH,B,0,NFC,0,1,Off Park point,"sunny, calm, ~18o",
544335,5994337,RS/CF,9/28/00,12:25,10/2/00,14:20,97.9,13,12,6.6,PCC/NSC,B,0,NFC,0,1,"Off Park point, mid-lake","sunny, calm, ~15o",Trap suspended ~ 1.0m off btm. Max. depth = 7.6m.
544362,5994290,RS/CF,10/6/00,9:40,10/10/00,14:30,100.8,10,9,7.5,SK,B,0,NFC,0,1,"Off Park point, mid-lake","sunny, lt. wind, ~ -2o",Bait untouched.
544503,5994306,RS/CF,10/6/00,9:50,10/10/00,14:23,100.5,10,9,7.0,SK,B,0,NFC,0,1,"SE Park point, mid-lake","sunny, lt. wind, ~0o",Bait gone.
544525,5994511,RS/CF,10/11/00,10:50,10/12/00,14:20,27.5,9,10,7.0,NSC/PCC,B,0,NFC,0,1,"ESE Park point, mid-lake","fog, lt. wind, ~0o",
544377,5994483,RS/CF,10/11/00,10:30,10/12/00,14:10,27.7,9,10,7.0,NSC/PCC,B,1,NFC,0,2,"SE Park point, mid-lake","fog, lt. wind, ~0o","One BB, has eaten the PCC bait"
544480,5994818,RS/CF,10/12/00,14:25,10/13/00,10:45,20.3,10,8,4.5,PCC,B,2,NFC,0,4,"East of park point, next to large trap net","pt. cloudy, lt. wind, ~10o",One of two PCC bait eaten
546004,5994704,RS/CF,10/17/00,10:50,10/19/00,11:40,48.8,9,8,3.8,PCC,B,1,NFC,0,2,"SW of narrows, mid-lake","overcast, drizzle, lt. wind, ~5o",Two of four PCC bait gone
545832,5994708,RS/CF,10/17/00,11:00,10/19/00,11:35,48.5,9,8,4.3,PCC,B,0,NSC,1,2,"WSW of narrows, mid-lake","overcast, drizzle, lt. wind, ~5o",One of four PCC missing
546400,5994946,RS/CF,10/19/00,11:50,10/20/00,12:30,24.7,8,8,2.1,PCC,B,0,NSC,1,2,"West side of narrows, mid-lake ","overcast, lt./mod. wind, ~6o",Shallow set; notable submerg. in area
546824,5995080,RS/CF,10/19/00,12:00,10/20/00,11:50,23.8,8,8,2.0,PCC,B,0,NSC,1,2,"East of narrows, mid-lake","overcast, lt./mod. wind, ~6o",Shallow set; notable submerg. in area
,,,,,,,1518.4,,,,,,13,,6,,,,