Trap #,Date Set (mm/dd/yy),Time Set,Date Pulled (mm/dd/yy),"Time 
Pulled",UTM Zone,UTM Easting,UTM Northing,"Trap 
Type", Bait ,"Depth
m",Temp C,"Secchi 
Depth m","Burbot 
Captured 
Y/N","No. Burbot 
Captured","Len 
(mm)",Wt (kg),"Girth 
(mm)","Tag 
applied 
(Y/N)","Tag No.
/ Colour","Recap 
(Y/N)","Tag No. 
/ Colour","Fate 
(D/L)",Decompression Stress (Y/N),Treatment,"Sacrificed 
(Y/N)","Sacrificied 
Code",Comments,Sp.,No.L,No.D,Len,Len,Len,Len,Len,Sp.,No.L,No.D,Len,Len,Len,Len,Len,Sp.,No.L,No.D,Len,Len,Len,Len,Len,Sp.,No.L,No.D,Len,Len,Len,Len,Len,Sp.,No.L,No.D,Len,Len,Len
H-10,24-Jun-11,0811,26-Jun-11,0933,10U,476814,5986492,Hoop Trap L,NSC,10,13,3,N,0,,,,,,,,,,,,,"NFC, Trap reset in same general location. Fresh bait added.",,,,,,,,,,,,,,,,,,,,,,,,,,,,,,,,,,,,,,
H-12,24-Jun-11,0834,26-Jun-11,0939,10U,476867,5986580,Hoop Trap L,NSC,10,13,3,N,0,,,,,,,,,,,,,"NFC, Trap reset in same general location. Fresh bait added.",,,,,,,,,,,,,,,,,,,,,,,,,,,,,,,,,,,,,,
H-17,24-Jun-11,0845,26-Jun-11,0953,10U,476989,5986520,Hoop Trap L,NSC,13,13,3,N,0,,,,,,,,,,,,,"NFC, Trap reset in same general location. No Fresh bait added.",,,,,,,,,,,,,,,,,,,,,,,,,,,,,,,,,,,,,,
H-18,24-Jun-11,0800,26-Jun-11,0924,10U,476733,5986498,Hoop Trap L,NSC,9,14,3,N,0,,,,,,,,,,,,,"NFC, Trap reset in same general location. Fresh bait added.",,,,,,,,,,,,,,,,,,,,,,,,,,,,,,,,,,,,,,
H-21,24-Jun-11,0822,26-Jun-11,0945,10U,476913,5986506,Hoop Trap L,NSC,13,13,3,N,0,,,,,,,,,,,,,"NFC, Trap reset in same general location. No Fresh bait added.",,,,,,,,,,,,,,,,,,,,,,,,,,,,,,,,,,,,,,
H-10,26-Jun-11,0938,28-Jun-11,0900,10U,476802,5986508,Hoop Trap L,NSC,10,14,3,,,,,,,,,,,,,,,,,,,,,,,,,,,,,,,,,,,,,,,,,,,,,,,,,,,,,
H-12,26-Jun-11,0943,28-Jun-11,0909,10U,476865,5986593,Hoop Trap L,NSC,10,14,3,,,,,,,,,,,,,,,,,,,,,,,,,,,,,,,,,,,,,,,,,,,,,,,,,,,,,
H-17,26-Jun-11,0958,28-Jun-11,0926,10U,476983,5986520,Hoop Trap L,NSC,13,14,3,Y,1,710,2.39,305,N,,Y,Orange FWPG 02918,D,N,N/A,Y,122,"Sacrificed. Old bait removed, fresh bait added. Trap reset in same general location.",,,,,,,,,,,,,,,,,,,,,,,,,,,,,,,,,,,,,,
H-18,26-Jun-11,0929,28-Jun-11,0852,10U,476733,5986488,Hoop Trap L,NSC,9.7,14,3,,,,,,,,,,,,,,,,,,,,,,,,,,,,,,,,,,,,,,,,,,,,,,,,,,,,,
H-21,26-Jun-11,0949,28-Jun-11,0918,10U,476918,5986471,Hoop Trap L,NSC,13,14,3,,,,,,,,,,,,,,,,,,,,,,,,,,,,,,,,,,,,,,,,,,,,,,,,,,,,,
H-10,28-Jun-11,0905,30-Jun-11,0935,10U,476808,5986502,Hoop Trap L,NSC,10,15,3,,,,,,,,,,,,,,,,,,,,,,,,,,,,,,,,,,,,,,,,,,,,,,,,,,,,,
H-12,28-Jun-11,0916,30-Jun-11,0946,10U,476861,5986589,Hoop Trap L,NSC,10,15,3,,,,,,,,,,,,,,,,,,,,,,,,,,,,,,,,,,,,,,,,,,,,,,,,,,,,,
H-17,28-Jun-11,0938,30-Jun-11,1007,10U,476981,5986525,Hoop Trap L,NSC,13,15,3,Y,1,725,2.67,290,N,,N,,D,N,N/A,Y,123,"Sacrificed. Old bait removed, fresh bait added. Trap reset in same general location.",,,,,,,,,,,,,,,,,,,,,,,,,,,,,,,,,,,,,,
H-18,28-Jun-11,0859,30-Jun-11,0928,10U,476735,5986487,Hoop Trap L,NSC,9.3,15,3,,,,,,,,,,,,,,,,,,,,,,,,,,,,,,,,,,,,,,,,,,,,,,,,,,,,,
H-21,28-Jun-11,0924,30-Jun-11,0953,10U,476912,5986491,Hoop Trap L,NSC,13,15,3,Y,1,680,2.27,280,Y,Orange FWPG 02614,N,,L,N,ROSB,N,,"Fish vigorous and healthy at release. Old bait removed, fresh bait added. Trap reset in same general location.",,,,,,,,,,,,,,,,,,,,,,,,,,,,,,,,,,,,,,
H-7,28-Jun-11,1010,30-Jun-11,1039,10U,477602,5986650,Hoop Trap L,NSC,15,15,3,,,,,,,,,,,,,,,,,,,,,,,,,,,,,,,,,,,,,,,,,,,,,,,,,,,,,
H-8,28-Jun-11,1135,30-Jun-11,1204,10U,477592,5987082,Hoop Trap L,NSC,12,15,3,,,,,,,,,,,,,,,,,,,,,,,,,,,,,,,,,,,,,,,,,,,,,,,,,,,,,
H-9,28-Jun-11,1307,30-Jun-11,1336,10U,477590,5986753,Hoop Trap L,NSC,15,15,3,,,,,,,,,,,,,,,,,,,,,,,,,,,,,,,,,,,,,,,,,,,,,,,,,,,,,
H-11,28-Jun-11,1005,30-Jun-11,1035,10U,477463,5986601,Hoop Trap L,NSC,15,15,3,,,,,,,,,,,,,,,,,,,,,,,,,,,,,,,,,,,,,,,,,,,,,,,,,,,,,
H-13,28-Jun-11,0811,30-Jun-11,0842,10U,477268,5986427,Hoop Trap L,NSC,15,15,3,,,,,,,,,,,,,,,,,,,,,,,,,,,,,,,,,,,,,,,,,,,,,,,,,,,,,
H-14,28-Jun-11,0951,30-Jun-11,1019,10U,477279,5986530,Hoop Trap L,NSC,15,15,3,,,,,,,,,,,,,,,,,,,,,,,,,,,,,,,,,,,,,,,,,,,,,,,,,,,,,
H-20,28-Jun-11,1124,30-Jun-11,1153,10U,477720,5986704,Hoop Trap L,NSC,15,15,3,,,,,,,,,,,,,,,,,,,,,,,,,,,,,,,,,,,,,,,,,,,,,,,,,,,,,
H-22,28-Jun-11,1313,30-Jun-11,1342,10U,477643,5986745,Hoop Trap L,NSC,14,15,3,,,,,,,,,,,,,,,,,,,,,,,,,,,,,,,,,,,,,,,,,,,,,,,,,,,,,
H-24,28-Jun-11,1320,30-Jun-11,1351,10U,477670,5987038,Hoop Trap L,NSC,12,15,3,,,,,,,,,,,,,,,,,,,,,,,,,,,,,,,,,,,,,,,,,,,,,,,,,,,,,
H-25,28-Jun-11,1016,30-Jun-11,1044,10U,477400,5986895,Hoop Trap L,NSC,13,15,3,,,,,,,,,,,,,,,,,,,,,,,,,,,,,,,,,,,,,,,,,,,,,,,,,,,,,
H-26,28-Jun-11,1115,30-Jun-11,1146,10U,477393,5987029,Hoop Trap L,NSC,11,15,3,,,,,,,,,,,,,,,,,,,,,,,,,,,,,,,,,,,,,,,,,,,,,,,,,,,,,
H-28,28-Jun-11,1109,30-Jun-11,1138,10U,477257,5987145,Hoop Trap L,NSC,5.5,15,3,,,,,,,,,,,,,,,,,,,,,,,,,,,,,,,,,,,,,,,,,,,,,,,,,,,,,
H-29,28-Jun-11,0959,30-Jun-11,1028,10U,477241,5986801,Hoop Trap L,NSC,13,15,3,,,,,,,,,,,,,,,,,,,,,,,,,,,,,,,,,,,,,,,,,,,,,,,,,,,,,
H-30,28-Jun-11,1331,30-Jun-11,1400,10U,477749,5987228,Hoop Trap L,NSC,2,15,3,,,,,,,,,,,,,,,,,,,,,,,,,,,,,,,,,,,,,,,,,,,,,,,,,,,,,
H-31,28-Jun-11,1325,30-Jun-11,1353,10U,477498,5987356,Hoop Trap L,NSC,3,15,3,,,,,,,,,,,,,,,,,,,,,,,,,,,,,,,,,,,,,,,,,,,,,,,,,,,,,
H-27,28-Jun-11,0822,30-Jun-11,0850,10U,477411,5986434,Hoop Trap L,NSC,15,15,3,,,,,,,,,,,,,,,,,,,,,,,,,,,,,,,,,,,,,,,,,,,,,,,,,,,,,
H-91,28-Jun-11,0830,30-Jun-11,0859,10U,477528,5986458,Hoop Trap L,NSC,14,15,3,,,,,,,,,,,,,,,,,,,,,,,,,,,,,,,,,,,,,,,,,,,,,,,,,,,,,
H-16,28-Jun-11,0837,30-Jun-11,0905,10U,477685,5986508,Hoop Trap L,NSC,15,15,3,,,,,,,,,,,,,,,,,,,,,,,,,,,,,,,,,,,,,,,,,,,,,,,,,,,,,
H-23,28-Jun-11,0847,30-Jun-11,0916,10U,477804,5986620,Hoop Trap L,NSC,15,15,3,,,,,,,,,,,,,,,,,,,,,,,,,,,,,,,,,,,,,,,,,,,,,,,,,,,,,
H-10,30-Jun-11,0940,2-Jul-12,1030,10U,476809,5986509,Hoop Trap L,NSC,10.2,15,3,,,,,,,,,,,,,,,,,,,,,,,,,,,,,,,,,,,,,,,,,,,,,,,,,,,,,
H-12,30-Jun-11,0950,2-Jul-12,1038,10U,476863,5986587,Hoop Trap L,NSC,10,15,3,,,,,,,,,,,,,,,,,,,,,,,,,,,,,,,,,,,,,,,,,,,,,,,,,,,,,
H-17,30-Jun-11,1013,2-Jul-12,1102,10U,476983,5986522,Hoop Trap L,NSC,13,15,3,Y,1 of 2,560,1.59,260,N,,N,,D,N,N/A,Y,124,"Sacrificed. Old bait removed, fresh bait added. Trap reset in same general location.",,,,,,,,,,,,,,,,,,,,,,,,,,,,,,,,,,,,,,
H-17,30-Jun-11,1013,2-Jul-12,1102,10U,476983,5986522,Hoop Trap L,NSC,13,15,3,Y,2 of 2,470,0.85,220,N,,N,,D,N,N/A,Y,125,"Sacrificed. Old bait removed, fresh bait added. Trap reset in same general location.",,,,,,,,,,,,,,,,,,,,,,,,,,,,,,,,,,,,,,
H-18,30-Jun-11,0933,2-Jul-12,1022,10U,476739,5986485,Hoop Trap L,NSC,9.7,15,3,,,,,,,,,,,,,,,,,,,,,,,,,,,,,,,,,,,,,,,,,,,,,,,,,,,,,
H-21,30-Jun-11,1000,2-Jul-12,1048,10U,476914,5986493,Hoop Trap L,NSC,13.4,15,3,Y,1,540,1.48,240,Y,Orange FWPG 02613,N,,L,N,ROSB,N,,"Fish vigorous and healthy at release. Old bait removed, fresh bait added. Trap reset in same general location.",,,,,,,,,,,,,,,,,,,,,,,,,,,,,,,,,,,,,,
H-7,30-Jun-11,1044,2-Jul-12,1135,10U,477605,5986653,Hoop Trap L,NSC,15,15,3,,,,,,,,,,,,,,,,,,,,,,,,,,,,,,,,,,,,,,,,,,,,,,,,,,,,,
H-8,30-Jun-11,1209,2-Jul-12,1258,10U,477594,5987086,Hoop Trap L,NSC,12,15,3,,,,,,,,,,,,,,,,,,,,,,,,,,,,,,,,,,,,,,,,,,,,,,,,,,,,,
H-9,30-Jun-11,1341,2-Jul-12,1429,10U,477592,5986751,Hoop Trap L,NSC,15,15,3,,,,,,,,,,,,,,,,,,,,,,,,,,,,,,,,,,,,,,,,,,,,,,,,,,,,,
H-11,30-Jun-11,1039,2-Jul-12,1128,10U,477461,5986604,Hoop Trap L,NSC,15,15,3,,,,,,,,,,,,,,,,,,,,,,,,,,,,,,,,,,,,,,,,,,,,,,,,,,,,,
H-13,30-Jun-11,0848,2-Jul-12,0940,10U,477265,5986424,Hoop Trap L,NSC,15,15,3,,,,,,,,,,,,,,,,,,,,,,,,,,,,,,,,,,,,,,,,,,,,,,,,,,,,,
H-14,30-Jun-11,1023,2-Jul-12,1112,10U,477277,5986532,Hoop Trap L,NSC,15,15,3,,,,,,,,,,,,,,,,,,,,,,,,,,,,,,,,,,,,,,,,,,,,,,,,,,,,,
H-20,30-Jun-11,1159,2-Jul-12,1248,10U,477721,5986707,Hoop Trap L,NSC,15,15,3,,,,,,,,,,,,,,,,,,,,,,,,,,,,,,,,,,,,,,,,,,,,,,,,,,,,,
H-22,30-Jun-11,1349,2-Jul-12,1438,10U,477645,5986748,Hoop Trap L,NSC,14,15,3,,,,,,,,,,,,,,,,,,,,,,,,,,,,,,,,,,,,,,,,,,,,,,,,,,,,,
H-24,30-Jun-11,1356,2-Jul-12,1445,10U,477672,5987039,Hoop Trap L,NSC,12,15,3,,,,,,,,,,,,,,,,,,,,,,,,,,,,,,,,,,,,,,,,,,,,,,,,,,,,,
H-25,30-Jun-11,1051,2-Jul-12,1141,10U,477402,5986897,Hoop Trap L,NSC,13,15,3,,,,,,,,,,,,,,,,,,,,,,,,,,,,,,,,,,,,,,,,,,,,,,,,,,,,,
H-26,30-Jun-11,1152,2-Jul-12,1242,10U,477395,5987027,Hoop Trap L,NSC,11,15,3,,,,,,,,,,,,,,,,,,,,,,,,,,,,,,,,,,,,,,,,,,,,,,,,,,,,,
H-28,30-Jun-11,1144,2-Jul-12,1233,10U,477251,5987142,Hoop Trap L,NSC,5.9,15,3,,,,,,,,,,,,,,,,,,,,,,,,,,,,,,,,,,,,,,,,,,,,,,,,,,,,,
H-29,30-Jun-11,1033,2-Jul-12,1124,10U,477243,5986804,Hoop Trap L,NSC,13,15,3,,,,,,,,,,,,,,,,,,,,,,,,,,,,,,,,,,,,,,,,,,,,,,,,,,,,,
H-30,30-Jun-11,1405,2-Jul-12,1454,10U,477747,5987226,Hoop Trap L,NSC,2.2,15,3,,,,,,,,,,,,,,,,,,,,,,,,,,,,,,,,,,,,,,,,,,,,,,,,,,,,,
H-31,30-Jun-11,1400,2-Jul-12,1449,10U,477496,5987359,Hoop Trap L,NSC,3,15,3,,,,,,,,,,,,,,,,,,,,,,,,,,,,,,,,,,,,,,,,,,,,,,,,,,,,,
H-27,30-Jun-11,0856,2-Jul-12,0945,10U,477413,5986435,Hoop Trap L,NSC,15,15,3,,,,,,,,,,,,,,,,,,,,,,,,,,,,,,,,,,,,,,,,,,,,,,,,,,,,,
H-91,30-Jun-11,0904,2-Jul-12,0953,10U,477527,5986451,Hoop Trap L,NSC,14,15,3,,,,,,,,,,,,,,,,,,,,,,,,,,,,,,,,,,,,,,,,,,,,,,,,,,,,,
H-16,30-Jun-11,0909,2-Jul-12,0959,10U,477682,5986504,Hoop Trap L,NSC,15,15,3,Y,1 of 3,585,1.54,260,N,,N,,D,N,N/A,Y,128,"All sacrificed. Old bait removed, fresh bait added. Trap reset in same general location.",,,,,,,,,,,,,,,,,,,,,,,,,,,,,,,,,,,,,,
H-16,30-Jun-11,0909,2-Jul-12,0959,10U,477682,5986504,Hoop Trap L,NSC,15,15,3,Y,2 of 3 ,610,1.76,290,N,,N,,D,N,N/A,Y,129,See above comments.,,,,,,,,,,,,,,,,,,,,,,,,,,,,,,,,,,,,,,
H-16,30-Jun-11,0909,2-Jul-12,0959,10U,477682,5986504,Hoop Trap L,NSC,15,15,3,Y,3 of 3,700,2.47,310,N,,N,,D,N,N/A,Y,130,See above comments.,,,,,,,,,,,,,,,,,,,,,,,,,,,,,,,,,,,,,,
H-23,30-Jun-11,0920,2-Jul-12,1008,10U,477802,5986621,Hoop Trap L,NSC,15,15,3,,,,,,,,,,,,,,,,,,,,,,,,,,,,,,,,,,,,,,,,,,,,,,,,,,,,,
H-10,2-Jul-12,1036,4-Jul-11,0925,10U,476807,5986504,Hoop Trap L,NSC,10.8,15,3,,,,,,,,,,,,,,,,,,,,,,,,,,,,,,,,,,,,,,,,,,,,,,,,,,,,,
H-12,2-Jul-12,1044,4-Jul-11,0932,10U,476866,5986588,Hoop Trap L,NSC,10,15,3,,,,,,,,,,,,,,,,,,,,,,,,,,,,,,,,,,,,,,,,,,,,,,,,,,,,,
H-17,2-Jul-12,1109,4-Jul-11,0958,10U,476987,5986526,Hoop Trap L,NSC,13,15,3,,,,,,,,,,,,,,,,,,,,,,,,,,,,,,,,,,,,,,,,,,,,,,,,,,,,,
H-18,2-Jul-12,1027,4-Jul-11,0916,10U,476737,5986482,Hoop Trap L,NSC,9.4,15,3,,,,,,,,,,,,,,,,,,,,,,,,,,,,,,,,,,,,,,,,,,,,,,,,,,,,,
H-21,2-Jul-12,1055,4-Jul-11,0944,10U,476916,5986497,Hoop Trap L,NSC,13,15,3,Y,1,650,1.32,250,N,,N,,D,N,N/A,Y,121,"Sacrificed. Old bait removed, fresh bait added. Trap reset in same general location.",,,,,,,,,,,,,,,,,,,,,,,,,,,,,,,,,,,,,,
H-7,2-Jul-12,1143,4-Jul-11,1034,10U,477608,5986652,Hoop Trap L,NSC,15,15,3,,,,,,,,,,,,,,,,,,,,,,,,,,,,,,,,,,,,,,,,,,,,,,,,,,,,,
H-8,2-Jul-12,1304,4-Jul-11,1154,10U,477599,5987087,Hoop Trap L,NSC,12,15,3,,,,,,,,,,,,,,,,,,,,,,,,,,,,,,,,,,,,,,,,,,,,,,,,,,,,,
H-9,2-Jul-12,1435,4-Jul-11,1325,10U,477596,5986753,Hoop Trap L,NSC,15,15,3,,,,,,,,,,,,,,,,,,,,,,,,,,,,,,,,,,,,,,,,,,,,,,,,,,,,,
H-11,2-Jul-12,1134,4-Jul-11,1023,10U,477463,5986606,Hoop Trap L,NSC,15,15,3,,,,,,,,,,,,,,,,,,,,,,,,,,,,,,,,,,,,,,,,,,,,,,,,,,,,,
H-13,2-Jul-12,0946,4-Jul-11,0837,10U,477267,5986422,Hoop Trap L,NSC,15,15,3,,,,,,,,,,,,,,,,,,,,,,,,,,,,,,,,,,,,,,,,,,,,,,,,,,,,,
H-14,2-Jul-12,1117,4-Jul-11,1006,10U,477273,5986535,Hoop Trap L,NSC,15,15,3,,,,,,,,,,,,,,,,,,,,,,,,,,,,,,,,,,,,,,,,,,,,,,,,,,,,,
H-20,2-Jul-12,1254,4-Jul-11,1145,10U,477724,5986706,Hoop Trap L,NSC,15,15,3,,,,,,,,,,,,,,,,,,,,,,,,,,,,,,,,,,,,,,,,,,,,,,,,,,,,,
H-22,2-Jul-12,1443,4-Jul-11,1333,10U,477648,5986745,Hoop Trap L,NSC,14,15,3,,,,,,,,,,,,,,,,,,,,,,,,,,,,,,,,,,,,,,,,,,,,,,,,,,,,,
H-24,2-Jul-12,1451,4-Jul-11,1340,10U,477676,5987037,Hoop Trap L,NSC,12,15,3,Y,1,530,1.00,210,Y,Orange FWPG 02610,N,,L,N,ROSB,N,,"BB appeared to have a lamprey mark on left side. Old bait removed, fresh bait added. Trap reset in same general location. Fish was vigorous and healthy at release.",,,,,,,,,,,,,,,,,,,,,,,,,,,,,,,,,,,,,,
H-25,2-Jul-12,1146,4-Jul-11,1036,10U,477403,5986893,Hoop Trap L,NSC,13,15,3,,,,,,,,,,,,,,,,,,,,,,,,,,,,,,,,,,,,,,,,,,,,,,,,,,,,,
H-26,2-Jul-12,1249,4-Jul-11,1131,10U,477398,5987022,Hoop Trap L,NSC,11,15,3,,,,,,,,,,,,,,,,,,,,,,,,,,,,,,,,,,,,,,,,,,,,,,,,,,,,,
H-28,2-Jul-12,1239,4-Jul-11,1128,10U,477254,5987144,Hoop Trap L,NSC,5.8,15,3,,,,,,,,,,,,,,,,,,,,,,,,,,,,,,,,,,,,,,,,,,,,,,,,,,,,,
H-29,2-Jul-12,1131,4-Jul-11,1022,10U,477246,5986805,Hoop Trap L,NSC,13,15,3,,,,,,,,,,,,,,,,,,,,,,,,,,,,,,,,,,,,,,,,,,,,,,,,,,,,,
H-30,2-Jul-12,1459,4-Jul-11,1348,10U,477743,5987222,Hoop Trap L,NSC,2,15,3,,,,,,,,,,,,,,,,,,,,,,,,,,,,,,,,,,,,,,,,,,,,,,,,,,,,,
H-31,2-Jul-12,1454,4-Jul-11,1344,10U,477492,5987357,Hoop Trap L,NSC,3,15,3,,,,,,,,,,,,,,,,,,,,,,,,,,,,,,,,,,,,,,,,,,,,,,,,,,,,,
H-27,2-Jul-12,0951,4-Jul-11,0842,10U,477415,5986433,Hoop Trap L,NSC,15,15,3,,,,,,,,,,,,,,,,,,,,,,,,,,,,,,,,,,,,,,,,,,,,,,,,,,,,,
H-91,2-Jul-12,0959,4-Jul-11,0848,10U,477528,5986454,Hoop Trap L,NSC,14,15,3,,,,,,,,,,,,,,,,,,,,,,,,,,,,,,,,,,,,,,,,,,,,,,,,,,,,,
H-16,2-Jul-12,1006,4-Jul-11,0857,10U,477684,5986507,Hoop Trap L,NSC,15,15,3,,,,,,,,,,,,,,,,,,,,,,,,,,,,,,,,,,,,,,,,,,,,,,,,,,,,,
H-23,2-Jul-12,1013,4-Jul-11,0903,10U,477807,5986623,Hoop Trap L,NSC,15,15,3,,,,,,,,,,,,,,,,,,,,,,,,,,,,,,,,,,,,,,,,,,,,,,,,,,,,,
H-10,4-Jul-11,0932,6-Jul-11,0953,10U,476805,5986506,Hoop Trap L,NSC,11,15,3,,,,,,,,,,,,,,,,,,,,,,,,,,,,,,,,,,,,,,,,,,,,,,,,,,,,,
H-12,4-Jul-11,0940,6-Jul-11,1001,10U,476868,5986581,Hoop Trap L,NSC,10,15,3,Y,1 of 4,670,2.56,320,Y,Orange FWPG 02618,N,,L,N,ROSB,N,,Trap reset in same area. Fresh bait added. All fish vigorous and healthy at release.,,,,,,,,,,,,,,,,,,,,,,,,,,,,,,,,,,,,,,
H-12,4-Jul-11,0940,6-Jul-11,1001,10U,476868,5986581,Hoop Trap L,NSC,10,15,3,Y,2 of 4,650,1.78,270,Y,Orange FWPG 02617,N,,L,N,ROSB,N,,See above comments.,,,,,,,,,,,,,,,,,,,,,,,,,,,,,,,,,,,,,,
H-12,4-Jul-11,0940,6-Jul-11,1001,10U,476868,5986581,Hoop Trap L,NSC,10,15,3,Y,3 of 4,370,0.61,160,Y,Orange FWPG 02616,N,,L,N,ROSB,N,,See above comments.,,,,,,,,,,,,,,,,,,,,,,,,,,,,,,,,,,,,,,
H-12,4-Jul-11,0940,6-Jul-11,1001,10U,476868,5986581,Hoop Trap L,NSC,10,15,3,Y,4 of 4,330,0.42,130,Y,Orange FWPG 02615,N,,L,N,ROSB,N,,See above comments.,,,,,,,,,,,,,,,,,,,,,,,,,,,,,,,,,,,,,,
H-17,4-Jul-11,1005,6-Jul-11,1026,10U,476985,5986522,Hoop Trap L,NSC,13,15,3,,,,,,,,,,,,,,,,,,,,,,,,,,,,,,,,,,,,,,,,,,,,,,,,,,,,,
H-18,4-Jul-11,0922,6-Jul-11,0943,10U,476732,5986485,Hoop Trap L,NSC,9.4,15,3,,,,,,,,,,,,,,,,,,,,,,,,,,,,,,,,,,,,,,,,,,,,,,,,,,,,,
H-21,4-Jul-11,0951,6-Jul-11,1012,10U,476913,5986494,Hoop Trap L,NSC,13,15,3,,,,,,,,,,,,,,,,,,,,,,,,,,,,,,,,,,,,,,,,,,,,,,,,,,,,,
H-7,4-Jul-11,1040,6-Jul-11,1101,10U,477605,5986655,Hoop Trap L,NSC,14.8,15,3,,,,,,,,,,,,,,,,,,,,,,,,,,,,,,,,,,,,,,,,,,,,,,,,,,,,,
H-8,4-Jul-11,1159,6-Jul-11,1220,10U,477595,5987083,Hoop Trap L,NSC,11.9,15,3,,,,,,,,,,,,,,,,,,,,,,,,,,,,,,,,,,,,,,,,,,,,,,,,,,,,,
H-9,4-Jul-11,1331,6-Jul-11,1352,10U,477598,5986754,Hoop Trap L,NSC,15,15,3,,,,,,,,,,,,,,,,,,,,,,,,,,,,,,,,,,,,,,,,,,,,,,,,,,,,,
H-11,4-Jul-11,1029,6-Jul-11,1050,10U,477469,5986607,Hoop Trap L,NSC,15,15,3,,,,,,,,,,,,,,,,,,,,,,,,,,,,,,,,,,,,,,,,,,,,,,,,,,,,,
H-13,4-Jul-11,0843,6-Jul-11,0904,10U,477264,5986424,Hoop Trap L,NSC,15.2,15,3,,,,,,,,,,,,,,,,,,,,,,,,,,,,,,,,,,,,,,,,,,,,,,,,,,,,,
H-14,4-Jul-11,1013,6-Jul-11,1034,10U,477276,5986531,Hoop Trap L,NSC,15,15,3,,,,,,,,,,,,,,,,,,,,,,,,,,,,,,,,,,,,,,,,,,,,,,,,,,,,,
H-20,4-Jul-11,1151,6-Jul-11,1112,10U,477725,5986702,Hoop Trap L,NSC,15,15,3,,,,,,,,,,,,,,,,,,,,,,,,,,,,,,,,,,,,,,,,,,,,,,,,,,,,,
H-22,4-Jul-11,1339,6-Jul-11,1400,10U,477649,5986749,Hoop Trap L,NSC,14,15,3,,,,,,,,,,,,,,,,,,,,,,,,,,,,,,,,,,,,,,,,,,,,,,,,,,,,,
H-24,4-Jul-11,1345,6-Jul-11,1406,10U,477674,5987036,Hoop Trap L,NSC,12,15,3,,,,,,,,,,,,,,,,,,,,,,,,,,,,,,,,,,,,,,,,,,,,,,,,,,,,,
H-25,4-Jul-11,1041,6-Jul-11,1102,10U,477407,5986896,Hoop Trap L,NSC,13,15,3,Y,1,670,1.95,270,Y,Orange FWPG 02611,N,,L,N,ROSB,N,,"Fish very weak upon release. Fish last seen at surface reviving. Old bait removed, fresh bait added. Trap reset in same general location.",,,,,,,,,,,,,,,,,,,,,,,,,,,,,,,,,,,,,,
H-26,4-Jul-11,1137,6-Jul-11,1158,10U,477396,5987025,Hoop Trap L,NSC,11,15,3,,,,,,,,,,,,,,,,,,,,,,,,,,,,,,,,,,,,,,,,,,,,,,,,,,,,,
H-28,4-Jul-11,1134,6-Jul-11,1153,10U,477253,5987146,Hoop Trap L,NSC,6,15,3,,,,,,,,,,,,,,,,,,,,,,,,,,,,,,,,,,,,,,,,,,,,,,,,,,,,,
H-29,4-Jul-11,1028,6-Jul-11,1049,10U,477249,5986807,Hoop Trap L,NSC,13,15,3,,,,,,,,,,,,,,,,,,,,,,,,,,,,,,,,,,,,,,,,,,,,,,,,,,,,,
H-30,4-Jul-11,1354,6-Jul-11,1415,10U,477745,5987228,Hoop Trap L,NSC,2,15,3,,,,,,,,,,,,,,,,,,,,,,,,,,,,,,,,,,,,,,,,,,,,,,,,,,,,,
H-31,4-Jul-11,1349,6-Jul-11,1410,10U,477496,5987354,Hoop Trap L,NSC,3,15,3,Y,1,250,0.3,100,Y,Orange FWPG 02609,N,,L,N,ROSB,N,,"Fish very small to be tagged. Was vigorous and healthy at release. Old bait removed, fresh bait added. NSC not kept for bait. Trap reset in same general location.",,,,,,,,,,,,,,,,,,,,,,,,,,,,,,,,,,,,,,
H-27,4-Jul-11,0849,6-Jul-11,0910,10U,477416,5986435,Hoop Trap L,NSC,15,15,3,,,,,,,,,,,,,,,,,,,,,,,,,,,,,,,,,,,,,,,,,,,,,,,,,,,,,
H-91,4-Jul-11,0854,6-Jul-11,0915,10U,477527,5986451,Hoop Trap L,NSC,14,15,3,,,,,,,,,,,,,,,,,,,,,,,,,,,,,,,,,,,,,,,,,,,,,,,,,,,,,
H-16,4-Jul-11,0903,6-Jul-11,0924,10U,477682,5986502,Hoop Trap L,NSC,15,15,3,,,,,,,,,,,,,,,,,,,,,,,,,,,,,,,,,,,,,,,,,,,,,,,,,,,,,
H-23,4-Jul-11,0910,6-Jul-11,0931,10U,477804,5986623,Hoop Trap L,NSC,15,15,3,,,,,,,,,,,,,,,,,,,,,,,,,,,,,,,,,,,,,,,,,,,,,,,,,,,,,
H-10,6-Jul-11,0959,8-Jul-12,0928,10U,476803,5986501,Hoop Trap L,NSC,11,15,3,,,,,,,,,,,,,,,,,,,,,,,,,,,,,,,,,,,,,,,,,,,,,,,,,,,,,
H-12,6-Jul-11,1007,8-Jul-12,0936,10U,476865,5986589,Hoop Trap L,NSC,10,15,3,,,,,,,,,,,,,,,,,,,,,,,,,,,,,,,,,,,,,,,,,,,,,,,,,,,,,
H-17,6-Jul-11,1033,8-Jul-12,1002,10U,476983,5986527,Hoop Trap L,NSC,13,15,3,,,,,,,,,,,,,,,,,,,,,,,,,,,,,,,,,,,,,,,,,,,,,,,,,,,,,
H-18,6-Jul-11,0950,8-Jul-12,0919,10U,476735,5986484,Hoop Trap L,NSC,9.4,15,3,,,,,,,,,,,,,,,,,,,,,,,,,,,,,,,,,,,,,,,,,,,,,,,,,,,,,
H-21,6-Jul-11,1019,8-Jul-12,0948,10U,476911,5986499,Hoop Trap L,NSC,13,15,3,,,,,,,,,,,,,,,,,,,,,,,,,,,,,,,,,,,,,,,,,,,,,,,,,,,,,
H-7,6-Jul-11,1108,8-Jul-12,1037,10U,477607,5986653,Hoop Trap L,NSC,14.8,15,3,,,,,,,,,,,,,,,,,,,,,,,,,,,,,,,,,,,,,,,,,,,,,,,,,,,,,
H-8,6-Jul-11,1227,8-Jul-12,1146,10U,477598,5987088,Hoop Trap L,NSC,11.9,15,3,,,,,,,,,,,,,,,,,,,,,,,,,,,,,,,,,,,,,,,,,,,,,,,,,,,,,
H-9,6-Jul-11,1358,8-Jul-12,1327,10U,477594,5986756,Hoop Trap L,NSC,15,15,3,,,,,,,,,,,,,,,,,,,,,,,,,,,,,,,,,,,,,,,,,,,,,,,,,,,,,
H-11,6-Jul-11,1056,8-Jul-12,1025,10U,477467,5986603,Hoop Trap L,NSC,15,15,3,,,,,,,,,,,,,,,,,,,,,,,,,,,,,,,,,,,,,,,,,,,,,,,,,,,,,
H-13,6-Jul-11,0910,8-Jul-12,0839,10U,477261,5986421,Hoop Trap L,NSC,15.2,15,3,,,,,,,,,,,,,,,,,,,,,,,,,,,,,,,,,,,,,,,,,,,,,,,,,,,,,
H-14,6-Jul-11,1040,8-Jul-12,1009,10U,477273,5986536,Hoop Trap L,NSC,15,15,3,,,,,,,,,,,,,,,,,,,,,,,,,,,,,,,,,,,,,,,,,,,,,,,,,,,,,
H-20,6-Jul-11,1118,8-Jul-12,1047,10U,477728,5986707,Hoop Trap L,NSC,15,15,3,,,,,,,,,,,,,,,,,,,,,,,,,,,,,,,,,,,,,,,,,,,,,,,,,,,,,
H-22,6-Jul-11,1406,8-Jul-12,1335,10U,477647,5986747,Hoop Trap L,NSC,14,15,3,,,,,,,,,,,,,,,,,,,,,,,,,,,,,,,,,,,,,,,,,,,,,,,,,,,,,
H-24,6-Jul-11,1412,8-Jul-12,1341,10U,477672,5987033,Hoop Trap L,NSC,12,15,3,,,,,,,,,,,,,,,,,,,,,,,,,,,,,,,,,,,,,,,,,,,,,,,,,,,,,
H-25,6-Jul-11,1109,8-Jul-12,1038,10U,477405,5986898,Hoop Trap L,NSC,13,15,3,,,,,,,,,,,,,,,,,,,,,,,,,,,,,,,,,,,,,,,,,,,,,,,,,,,,,
H-26,6-Jul-11,1204,8-Jul-12,1133,10U,477393,5987023,Hoop Trap L,NSC,11,15,3,,,,,,,,,,,,,,,,,,,,,,,,,,,,,,,,,,,,,,,,,,,,,,,,,,,,,
H-28,6-Jul-11,1159,8-Jul-12,1128,10U,477256,5987146,Hoop Trap L,NSC,6,15,3,,,,,,,,,,,,,,,,,,,,,,,,,,,,,,,,,,,,,,,,,,,,,,,,,,,,,
H-29,6-Jul-11,1055,8-Jul-12,1022,10U,477247,5986802,Hoop Trap L,NSC,13,15,3,Y,1,600,1.7,240,Y,Orange FWPG 02612,N,,L,N,ROSB,N,,"1 mortality, no vitals taken. Old bait and mortality removed, fresh bait added. Trap set in same general location.",,,,,,,,,,,,,,,,,,,,,,,,,,,,,,,,,,,,,,
H-30,6-Jul-11,1421,8-Jul-12,1350,10U,477742,5987224,Hoop Trap L,NSC,2,15,3,,,,,,,,,,,,,,,,,,,,,,,,,,,,,,,,,,,,,,,,,,,,,,,,,,,,,
H-31,6-Jul-11,1416,8-Jul-12,1344,10U,477497,5987351,Hoop Trap L,NSC,3,15,3,,,,,,,,,,,,,,,,,,,,,,,,,,,,,,,,,,,,,,,,,,,,,,,,,,,,,
H-27,6-Jul-11,0915,8-Jul-12,0844,10U,477417,5986436,Hoop Trap L,NSC,15,15,3,,,,,,,,,,,,,,,,,,,,,,,,,,,,,,,,,,,,,,,,,,,,,,,,,,,,,
H-91,6-Jul-11,0922,8-Jul-12,0851,10U,477521,5986453,Hoop Trap L,NSC,14,15,3,Y,1,600,1.14,265,N,,N,,D,N,N/A,Y,127,"BB sacrificed. Old bait removed, new bait added. Trap reset in same general area.",,,,,,,,,,,,,,,,,,,,,,,,,,,,,,,,,,,,,,
H-16,6-Jul-11,0930,8-Jul-12,0859,10U,477684,5986505,Hoop Trap L,NSC,15,15,3,,,,,,,,,,,,,,,,,,,,,,,,,,,,,,,,,,,,,,,,,,,,,,,,,,,,,
H-23,6-Jul-11,0937,8-Jul-12,0906,10U,477808,5986629,Hoop Trap L,NSC,15,15,3,Y,1,730,2.2,300,N,,N,,D,N,N/A,Y,131,"Reached 21 sacrifices, 4 remaining mortalities not sampled for vitals. Old bait and mortalities removed, fresh bait added. Trap set in same general location.",,,,,,,,,,,,,,,,,,,,,,,,,,,,,,,,,,,,,,
H-10,8-Jul-12,0934,10-Jul-11,0838,10U,476807,5986505,Hoop Trap L,NSC,10,15,3,Y,1 of 2,400,0.69,190,Y,Orange FWPG 02620,N,,L,N,ROSB,N,," Both BB vigorus and healthy at release. Old bait removed, fresh bait added. Trap reset in same general location.",,,,,,,,,,,,,,,,,,,,,,,,,,,,,,,,,,,,,,
H-10,8-Jul-12,0934,10-Jul-11,0838,10U,476807,5986505,Hoop Trap L,NSC,10,15,3,Y,2 of 2,390,0.69,180,Y,Orange FWPG 02619,N,,L,N,ROSB,N,,See above comments.,,,,,,,,,,,,,,,,,,,,,,,,,,,,,,,,,,,,,,
H-12,8-Jul-12,0942,10-Jul-11,0926,10U,476860,5986563,Hoop Trap L,NSC,10,15,3,,,,,,,,,,,,,,,,,,,,,,,,,,,,,,,,,,,,,,,,,,,,,,,,,,,,,
H-17,8-Jul-12,1008,10-Jul-11,0941,10U,476986,5986543,Hoop Trap L,NSC,12,15,3,,,,,,,,,,,,,,,,,,,,,,,,,,,,,,,,,,,,,,,,,,,,,,,,,,,,,
H-18,8-Jul-12,0925,10-Jul-11,0947,10U,476740,5986479,Hoop Trap L,NSC,10,16,3,,,,,,,,,,,,,,,,,,,,,,,,,,,,,,,,,,,,,,,,,,,,,,,,,,,,,
H-21,8-Jul-12,0955,10-Jul-11,0918,10U,476897,5986496,Hoop Trap L,NSC,12,15,3,,,,,,,,,,,,,,,,,,,,,,,,,,,,,,,,,,,,,,,,,,,,,,,,,,,,,
H-7,8-Jul-12,1043,10-Jul-11,1132,10U,477600,5986639,Hoop Trap L,NSC,15,15,3,,,,,,,,,,,,,,,,,,,,,,,,,,,,,,,,,,,,,,,,,,,,,,,,,,,,,
H-8,8-Jul-12,1153,10-Jul-11,1336,10U,477582,5987072,Hoop Trap L,NSC,13,15,3,,,,,,,,,,,,,,,,,,,,,,,,,,,,,,,,,,,,,,,,,,,,,,,,,,,,,
H-9,8-Jul-12,1334,10-Jul-11,1236,10U,477568,5986687,Hoop Trap L,NSC,15,15,3,,,,,,,,,,,,,,,,,,,,,,,,,,,,,,,,,,,,,,,,,,,,,,,,,,,,,
H-11,8-Jul-12,1031,10-Jul-11,1126,10U,477443,5986599,Hoop Trap L,NSC,15,15,3,,,,,,,,,,,,,,,,,,,,,,,,,,,,,,,,,,,,,,,,,,,,,,,,,,,,,
H-13,8-Jul-12,0846,10-Jul-11,1012,10U,477258,5986411,Hoop Trap L,NSC,15,15,3,,,,,,,,,,,,,,,,,,,,,,,,,,,,,,,,,,,,,,,,,,,,,,,,,,,,,
H-14,8-Jul-12,1016,10-Jul-11,1116,10U,477256,5986531,Hoop Trap L,NSC,15,15,3,,,,,,,,,,,,,,,,,,,,,,,,,,,,,,,,,,,,,,,,,,,,,,,,,,,,,
H-20,8-Jul-12,1053,10-Jul-11,1040,10U,477715,5986630,Hoop Trap L,NSC,15,15,3,,,,,,,,,,,,,,,,,,,,,,,,,,,,,,,,,,,,,,,,,,,,,,,,,,,,,
H-22,8-Jul-12,1341,10-Jul-11,1429,10U,477533,5986358,Hoop Trap L,NSC,10,16,3,,,,,,,,,,,,,,,,,,,,,,,,,,,,,,,,,,,,,,,,,,,,,,,,,,,,,
H-24,8-Jul-12,1347,10-Jul-11,1141,10U,477696,5986843,Hoop Trap L,NSC,15,15,3,,,,,,,,,,,,,,,,,,,,,,,,,,,,,,,,,,,,,,,,,,,,,,,,,,,,,
H-25,8-Jul-12,1044,10-Jul-11,1226,10U,477578,5986841,Hoop Trap L,NSC,14,15,3,,,,,,,,,,,,,,,,,,,,,,,,,,,,,,,,,,,,,,,,,,,,,,,,,,,,,
H-26,8-Jul-12,1139,10-Jul-11,1347,10U,477555,5987123,Hoop Trap L,NSC,11,15,3,,,,,,,,,,,,,,,,,,,,,,,,,,,,,,,,,,,,,,,,,,,,,,,,,,,,,
H-28,8-Jul-12,1134,10-Jul-11,1311,10U,477282,5987025,Hoop Trap L,NSC,13,15,3,,,,,,,,,,,,,,,,,,,,,,,,,,,,,,,,,,,,,,,,,,,,,,,,,,,,,
H-29,8-Jul-12,1028,10-Jul-11,1328,10U,477293,5986961,Hoop Trap L,NSC,10,15,3,,,,,,,,,,,,,,,,,,,,,,,,,,,,,,,,,,,,,,,,,,,,,,,,,,,,,
H-30,8-Jul-12,1357,10-Jul-11,1322,10U,477321,5987113,Hoop Trap L,NSC,3.8,15,3,,,,,,,,,,,,,,,,,,,,,,,,,,,,,,,,,,,,,,,,,,,,,,,,,,,,,
H-31,8-Jul-12,1350,10-Jul-11,1248,10U,477279,5987042,Hoop Trap L,NSC,13,15,3,,,,,,,,,,,,,,,,,,,,,,,,,,,,,,,,,,,,,,,,,,,,,,,,,,,,,
H-27,8-Jul-12,0849,10-Jul-11,1359,10U,477632,5986773,Hoop Trap L,NSC,3.6,13,3,Y,1,805,3.76,360,N,,N,,D,N,N/A,Y,126,"BB sacrificed. Old bait removed, new bait added. Trap reset in same general area.",,,,,,,,,,,,,,,,,,,,,,,,,,,,,,,,,,,,,,
H-91,8-Jul-12,0857,10-Jul-11,1418,10U,477518,5986608,Hoop Trap L,NSC,3.5,16,3,,,,,,,,,,,,,,,,,,,,,,,,,,,,,,,,,,,,,,,,,,,,,,,,,,,,,
H-16,8-Jul-12,0904,10-Jul-11,1021,10U,477444,5986505,Hoop Trap L,NSC,15,15,3,,,,,,,,,,,,,,,,,,,,,,,,,,,,,,,,,,,,,,,,,,,,,,,,,,,,,
H-23,8-Jul-12,0912,10-Jul-11,1032,10U,477728,5986587,Hoop Trap L,NSC,15,15,3,,,,,,,,,,,,,,,,,,,,,,,,,,,,,,,,,,,,,,,,,,,,,,,,,,,,,
H-10,10-Jul-11,0844,11-Jul-11,1315,10U,476800,5986510,Hoop Trap L,NSC,10,15,3,N,0,,,,,,,,,,,,,NFC. Trap pulled for season.,,,,,,,,,,,,,,,,,,,,,,,,,,,,,,,,,,,,,,
H-12,10-Jul-11,0931,11-Jul-11,1331,10U,476853,5986549,Hoop Trap L,3pc NSC,10,15,3,N,0,,,,,,,,,,,,,NFC. Trap pulled for season.,,,,,,,,,,,,,,,,,,,,,,,,,,,,,,,,,,,,,,
H-17,10-Jul-11,0948,11-Jul-11,1342,10U,476981,5986567,Hoop Trap L,4pc NSC,12,15,3,N,0,,,,,,,,,,,,,NFC. Trap pulled for season.,,,,,,,,,,,,,,,,,,,,,,,,,,,,,,,,,,,,,,
H-18,10-Jul-11,0953,11-Jul-11,1252,10U,476749,5986470,Hoop Trap L,NSC,10,16,3,Y,1,480,0.96,200,Y,Orange FWPG 02499,N,,L,N,ROSB,N,,Fish healthy and vigorous at release. Trap pulled for season.,,,,,,,,,,,,,,,,,,,,,,,,,,,,,,,,,,,,,,
H-21,10-Jul-11,0925,11-Jul-11,1322,10U,476879,5986490,Hoop Trap L,4pc NSC,12,15,3,N,0,,,,,,,,,,,,,NFC. Trap pulled for season.,,,,,,,,,,,,,,,,,,,,,,,,,,,,,,,,,,,,,,
H-7,10-Jul-11,1139,12-Jul-11,0915,10U,477585,5986624,Hoop Trap L,NSC,15,15,3,Y,0,,,,,,,,,,,,,2 mortalities in trap.. Trap pulled for the season.,,,,,,,,,,,,,,,,,,,,,,,,,,,,,,,,,,,,,,
H-8,10-Jul-11,1344,12-Jul-11,1055,10U,477565,5987065,Hoop Trap L,4pc NSC,13,15,3,N,0,,,,,,,,,,,,,NFC. Trap pulled for season.,,,,,,,,,,,,,,,,,,,,,,,,,,,,,,,,,,,,,,
H-9,10-Jul-11,1241,12-Jul-11,1009,10U,477539,5987620,Hoop Trap L,NSC,15,15,3,Y,1,630,2.57,300,Y,Orange FWPG 02496,N,,L,N,ROSB,N,,1 mortality in trap. Live fish healthy and vigorous at release. Trap pulled for season.,,,,,,,,,,,,,,,,,,,,,,,,,,,,,,,,,,,,,,
H-11,10-Jul-11,1132,12-Jul-11,0903,10U,477421,5986591,Hoop Trap L,4pc NSC,15,15,3,N,0,,,,,,,,,,,,,NFC. Trap pulled for season.,,,,,,,,,,,,,,,,,,,,,,,,,,,,,,,,,,,,,,
H-13,10-Jul-11,1019,12-Jul-11,0813,10U,477243,5986409,Hoop Trap L,NSC,15,15,3,N,0,,,,,,,,,,,,,NFC. Trap pulled for season.,,,,,,,,,,,,,,,,,,,,,,,,,,,,,,,,,,,,,,
H-14,10-Jul-11,1122,12-Jul-11,0900,10U,477240,5986521,Hoop Trap L,NSC,15,15,3,Y,0,,,,,,,,,,,,,1 mortality in trap. Trap pulled for season.,,,,,,,,,,,,,,,,,,,,,,,,,,,,,,,,,,,,,,
H-16,10-Jul-11,1047,12-Jul-11,0840,10U,477685,5986520,Hoop Trap L,4pc NSC,15,15,3,N,0,,,,,,,,,,,,,NFC. Trap pulled for season.,,,,,,,,,,,,,,,,,,,,,,,,,,,,,,,,,,,,,,
H-19,10-Jul-11,1435,12-Jul-11,1041,10U,477470,5987192,Hoop Trap L,NSC,10,16,3,N,0,,,,,,,,,,,,,NFC. Trap pulled for season.,,,,,,,,,,,,,,,,,,,,,,,,,,,,,,,,,,,,,,
H-20,10-Jul-11,1148,12-Jul-11,0917,10U,477759,5986681,Hoop Trap L,4pc NSC,15,15,3,N,0,,,,,,,,,,,,,NFC. Trap pulled for season.,,,,,,,,,,,,,,,,,,,,,,,,,,,,,,,,,,,,,,
H-22,10-Jul-11,1232,12-Jul-11,1022,10U,477664,5986810,Hoop Trap L,4pc NSC,14,15,3,N,0,,,,,,,,,,,,,NFC. Trap pulled for season.,,,,,,,,,,,,,,,,,,,,,,,,,,,,,,,,,,,,,,
H-24,10-Jul-11,1353,12-Jul-11,1102,10U,477725,5987171,Hoop Trap L,NSC,11,15,3,Y,1,450,0.94,170,Y,Orange FWPG 02495,N,,L,N,ROSB,N,,Fish healthy and vigorous at release. Trap pulled for season.,,,,,,,,,,,,,,,,,,,,,,,,,,,,,,,,,,,,,,
H-25,10-Jul-11,1317,12-Jul-11,1002,10U,477306,5986831,Hoop Trap L,NSC,13,15,3,N,0,,,,,,,,,,,,,NFC. Trap pulled for season.,,,,,,,,,,,,,,,,,,,,,,,,,,,,,,,,,,,,,,
H-26,10-Jul-11,1335,12-Jul-11,1035,10U,477363,5987065,Hoop Trap L,NSC,10,15,3,N,0,,,,,,,,,,,,,NBC. Trap pulled for season.,NSC,1,0,490,,,,,,,,,,,,,,,,,,,,,,,,,,,,,,,,,,
H-28,10-Jul-11,1329,12-Jul-11,1029,10U,477186,5987037,Hoop Trap L,NSC,3.8,15,3,N,0,,,,,,,,,,,,,NFC. Trap pulled for season.,,,,,,,,,,,,,,,,,,,,,,,,,,,,,,,,,,,,,,
H-29,10-Jul-11,1254,12-Jul-11,0955,10U,477186,5986749,Hoop Trap L,4pc NSC,13,15,3,Y,0,,,,,,,,,,,,,1 mortality. Trap pulled for season.,,,,,,,,,,,,,,,,,,,,,,,,,,,,,,,,,,,,,,
H-30,10-Jul-11,1405,12-Jul-11,1111,10U,477726,5987229,Hoop Trap L,NSC,3.6,13,3,N,0,,,,,,,,,,,,,NFC. Trap pulled for season.,,,,,,,,,,,,,,,,,,,,,,,,,,,,,,,,,,,,,,
H-31,10-Jul-11,1424,12-Jul-11,1050,10U,477512,5987332,Hoop Trap L,NSC,3.5,16,3,N,0,,,,,,,,,,,,,NFC. Trap pulled for season.,,,,,,,,,,,,,,,,,,,,,,,,,,,,,,,,,,,,,,
H-27,10-Jul-11,1028,12-Jul-11,0821,10U,477363,5986426,Hoop Trap L,4pc NSC,15,15,3,N,0,,,,,,,,,,,,,NFC. Trap pulled for season.,,,,,,,,,,,,,,,,,,,,,,,,,,,,,,,,,,,,,,
H-91,10-Jul-11,1038,12-Jul-11,0826,10U,477507,5986447,Hoop Trap L,NSC,15,15,3,Y,1,710,2.65,290,Y,Orange FWPG 02498,N,,L,N,ROSB,N,,Fish healthy and vigorous at release. Trap pulled for season.,,,,,,,,,,,,,,,,,,,,,,,,,,,,,,,,,,,,,,