Lake name,Trap waypoint,Start date,Start time,End date,End time,Lat,Lon,Method,Depth (m),Temperature (degrees C),Species,Count fish,Burbot Floy number,Burbot length (cm),Burbot weight (g),Comments
Carp Lake,CARP4-Z2-150,5/23/23,15:45:00,5/24/23,8:50:00,54.763503,-123.362186,CT,7.5,NA,BB,1,7314,,,
Carp Lake,CARP4-Z2-70,5/23/23,15:55:00,5/24/23,9:02:00,54.761156,-123.372086,CT,5.2,NA,NA,0,NA,,,
Carp Lake,CARP4-Z2-207,5/23/23,16:02:00,5/24/23,9:10:00,54.761698,-123.368345,CT,5.0,NA,BB,1,7603,,,
Carp Lake,CARP4-Z2-210,5/23/23,16:08:00,5/24/23,9:20:00,54.762391,-123.37572,CT,6.8,NA,BB,1,7315,,,
Carp Lake,CARP4-Z2-152,5/23/23,16:13:00,5/24/23,9:28:00,54.759745,-123.38073,CT,5.7,NA,CCG,2,NA,,,
Carp Lake,CARP4-Z2-62,5/23/23,16:22:00,5/24/23,9:39:00,54.752271,-123.40768,CT,8.7,NA,NA,0,NA,,,
Carp Lake,CARP4-Z2-178,5/23/23,16:27:00,5/24/23,9:50:00,54.759535,-123.399011,CT,7.4,NA,BB,1,7606,,,
Carp Lake,CARP4-Z2-133,5/23/23,16:32:00,5/24/23,9:55:00,54.761463,-123.399106,CT,10.1,NA,BB,1,7316,,,
Carp Lake,CARP4-Z2-59,5/23/23,16:44:00,5/24/23,10:34:00,54.770599,-123.410611,CT,9.8,NA,BB,1,7609,,,
Carp Lake,CARP4-Z2-17,5/23/23,16:50:00,5/24/23,10:51:00,54.772303,-123.409234,CT,10.0,NA,NA,0,NA,,,
Carp Lake,CARP4-Z2-84,5/23/23,16:55:00,5/24/23,10:54:00,54.774559,-123.406677,CT,9.2,NA,NA,0,NA,,,
Carp Lake,CARP4-Z2-56,5/23/23,17:02:00,5/24/23,11:04:00,54.774807,-123.419728,CT,10.4,NA,NA,0,NA,,,
Carp Lake,CARP4-Z2-74,5/23/23,17:09:00,5/24/23,11:10:00,54.777145,-123.42486,CT,10.2,NA,NA,0,NA,,,
Carp Lake,CARP4-Z2-106,5/23/23,17:14:00,5/24/23,11:15:00,54.784055,-123.41481,CT,7.6,NA,NA,0,NA,,,
Carp Lake,CARP4-Z2-20,5/23/23,17:18:00,5/24/23,11:22:00,54.786287,-123.405558,CT,9.9,NA,NA,0,NA,,,
Carp Lake,CARP4-Z2-69,5/23/23,17:29:00,5/24/23,11:35:00,54.773285,-123.390864,CT,7.1,NA,BB,1,7317,,,
Carp Lake,CARP4-Z2-19,5/23/23,17:34:00,5/24/23,11:40:00,54.776555,-123.397221,CT,10.4,NA,NA,0,NA,,,
Carp Lake,CARP4-Z2-83,5/23/23,17:42:00,5/24/23,11:49:00,54.780946,-123.384915,CT,9.1,NA,BB,1,7610,,,
Carp Lake,CARP4-Z2-200,5/23/23,17:51:00,5/24/23,11:55:00,54.785437,-123.378633,CT,10.0,NA,BB,1,7319,,,
Carp Lake,CARP4-Z2-154,5/23/23,17:55:00,5/24/23,12:07:00,54.788443,-123.381725,CT,8.4,NA,BB,2,"7321, 7607",,,
Carp Lake,CARP4-Z3-181,5/24/23,13:09:00,5/25/23,8:59:00,54.728271,-123.317143,CT,10.2,NA,NA,0,,,,
Carp Lake,CARP4-Z3-171,5/24/23,13:14:00,5/25/23,9:05:00,54.726715,-123.325504,CT,7.0,NA,BB,2,"73,227,486",,,
Carp Lake,CARP4-Z3-61,5/24/23,13:20:00,5/25/23,9:15:00,54.725538,-123.337546,CT,6.6,NA,CCG,2,,,,
Carp Lake,CARP4-Z3-9,5/24/23,13:24:00,5/25/23,9:20:00,54.724521,-123.340322,CT,8.4,NA,CCG,3,,,,
Carp Lake,CARP4-Z3-182,5/24/23,13:30:00,5/25/23,9:24:00,54.724261,-123.34407,CT,9.7,NA,NA,0,,,,
Carp Lake,CARP4-Z3-126,5/24/23,13:41:00,5/25/23,9:31:00,54.722968,-123.351602,CT,10.0,NA,NA,0,,,,
Carp Lake,CARP4-Z3-140,5/24/23,13:46:00,5/25/23,9:34:00,54.719203,-123.352635,CT,7.9,NA,NA,0,,,,
Carp Lake,CARP4-Z3-67,5/24/23,13:52:00,5/25/23,9:37:00,54.720389,-123.361841,CT,6.0,NA,BB,1,7487,,,
Carp Lake,CARP4-Z3-168,5/24/23,13:58:00,5/25/23,9:49:00,54.719739,-123.36193,CT,5.2,NA,CCG,1,,,,
Carp Lake,CARP4-Z3-82,5/24/23,14:04:00,5/25/23,9:53:00,54.717128,-123.364378,CT,5.0,NA,NA,0,,,,
Carp Lake,CARP4-Z3-212,5/24/23,14:08:00,5/25/23,9:59:00,54.713929,-123.366136,CT,5.8,NA,NA,0,,,,
Carp Lake,CARP4-Z3-219,5/24/23,14:15:00,5/25/23,10:01:00,54.717452,-123.381829,CT,8.0,NA,NA,0,,,,
Carp Lake,CARP4-Z3-76,5/24/23,14:20:00,5/25/23,10:07:00,54.718611,-123.373192,CT,10.6,NA,BB,1,7324,,,
Carp Lake,CARP4-Z3-73,5/24/23,14:26:00,5/25/23,10:15:00,54.722417,-123.366349,CT,9.5,NA,NA,0,,,,
Carp Lake,CARP4-Z3-48,5/24/23,14:36:00,5/25/23,10:20:00,54.742667,-123.371507,CT,7.5,NA,BB,1,7488,,,
Carp Lake,CARP4-Z3-32,5/24/23,14:40:00,5/25/23,10:32:00,54.749935,-123.363317,CT,10.5,NA,NA,0,,,,
Carp Lake,CARP4-Z3-165,5/24/23,14:50:00,5/25/23,10:37:00,54.753192,-123.369352,CT,5.2,NA,NA,0,,,,
Carp Lake,CARP4-Z3-138,5/24/23,15:00:00,5/25/23,10:41:00,54.754349,-123.369729,CT,5.0,NA,BB,1,7325,,,
Carp Lake,CARP4-Z3-29,5/24/23,15:07:00,5/25/23,10:50:00,54.76448,-123.356824,CT,10.0,NA,CCG,1,,,,
Carp Lake,CARP4-Z3-96,5/24/23,15:10:00,5/25/23,11:01:00,54.765904,-123.355759,CT,9.7,NA,NA,0,,,,
Carp Lake,CARP4-Z4-146,5/25/23,11:48:00,5/26/23,9:10:00,54.730059,-123.30713,CT,7.0,NA,NA,0,,,,
Carp Lake,CARP4-Z4-141,5/25/23,11:53:00,5/26/23,9:15:00,54.730304,-123.301753,CT,6.8,NA,NA,0,,,,
Carp Lake,CARP4-Z4-192,5/25/23,11:58:00,5/26/23,9:17:00,54.73035,-123.300118,CT,6.3,NA,NA,0,,,,
Carp Lake,CARP4-Z4-87,5/25/23,12:09:00,5/26/23,9:23:00,54.744394,-123.277147,CT,10.0,NA,NA,0,,,,
Carp Lake,CARP4-Z4-112,5/25/23,12:15:00,5/26/23,9:29:00,54.750292,-123.277453,CT,5.1,NA,BB,1,7489,,,
Carp Lake,CARP4-Z4-135,5/25/23,12:25:00,5/26/23,9:38:00,54.757801,-123.271321,CT,5.8,NA,NA,0,,,,
Carp Lake,CARP4-Z4-216,5/25/23,12:32:00,5/26/23,9:41:00,54.763613,-123.260401,CT,9.7,NA,BB,1,7326,,,
Carp Lake,CARP4-Z4-118,5/25/23,12:37:00,5/26/23,9:51:00,54.76686,-123.25276,CT,9.1,NA,NSC,1,,,,
Carp Lake,CARP4-Z4-23,5/25/23,12:41:00,5/26/23,9:55:00,54.770568,-123.250733,CT,9.9,NA,NA,0,,,,
Carp Lake,CARP4-Z4-175,5/25/23,12:49:00,5/26/23,9:59:00,54.775479,-123.246978,CT,10.4,NA,BB,1,7491,,,
Carp Lake,CARP4-Z4-7,5/25/23,12:55:00,5/26/23,10:09:00,54.785012,-123.243254,CT,5.6,NA,NA,0,,,,
Carp Lake,CARP4-Z4-18,5/25/23,13:01:00,5/26/23,10:15:00,54.771852,-123.262277,CT,6.4,NA,NA,0,,,,
Carp Lake,CARP4-Z4-166,5/25/23,13:09:00,5/26/23,10:17:00,54.771824,-123.265699,CT,6.6,NA,NA,0,,,,
Carp Lake,CARP4-Z4-159,5/25/23,13:13:00,5/26/23,10:25:00,54.769468,-123.269592,CT,10.3,NA,BB,1,7327,,,
Carp Lake,CARP4-Z4-155,5/25/23,13:23:00,5/26/23,10:45:00,54.765407,-123.274302,CT,10.4,NA,NA,0,,,,
Carp Lake,CARP4-Z4-33,5/25/23,13:32:00,5/26/23,10:50:00,54.762128,-123.29098,CT,10.1,NA,NA,0,,,,
Carp Lake,CARP4-Z4-4,5/25/23,13:40:00,5/26/23,11:00:00,54.761358,-123.302776,CT,5.5,NA,BB,1,7492,,,
Carp Lake,CARP4-Z4-117,5/25/23,13:48:00,5/26/23,11:10:00,54.766632,-123.320599,CT,5.9,NA,CCG,2,,,,
Carp Lake,CARP4-Z4-13,5/25/23,13:54:00,5/26/23,11:30:00,54.767844,-123.324694,CT,7.5,NA,NA,0,,,,
Carp Lake,CARP4-Z4-220,5/25/23,14:00:00,5/26/23,11:20:00,54.770638,-123.341603,CT,9.4,NA,NA,0,,,,
Carp Lake,CARP4-Z1-153,5/26/23,13:54:00,5/27/23,9:55:00,54.782911,-123.315652,CT,6.0,NA,CCG,1,,,,
Carp Lake,CARP4-Z1-144,5/26/23,13:58:00,5/27/23,10:03:00,54.784312,-123.310708,CT,5.4,NA,BB,3,"7328, 7493, 7329",,,
Carp Lake,CARP4-Z1-201,5/26/23,14:06:00,5/27/23,10:15:00,54.791833,-123.324488,CT,6.7,NA,BB,1,7494,,,
Carp Lake,CARP4-Z1-44,5/26/23,14:10:00,5/27/23,10:20:00,54.792174,-123.324825,CT,10.5,NA,NA,0,,,,
Carp Lake,CARP4-Z1-176,5/26/23,14:16:00,5/27/23,10:24:00,54.794118,-123.336164,CT,8.0,NA,NA,0,,,,
Carp Lake,CARP4-Z1-85,5/26/23,14:20:00,5/27/23,10:27:00,54.794249,-123.342912,CT,6.1,NA,BB,2,"7330, 7495",,,
Carp Lake,CARP4-Z1-179,5/26/23,14:26:00,5/27/23,10:38:00,54.797098,-123.336932,CT,9.9,NA,BB,1,7331,,,
Carp Lake,CARP4-Z1-169,5/26/23,14:32:00,5/27/23,10:45:00,54.795907,-123.333769,CT,7.6,NA,NA,0,,,,
Carp Lake,CARP4-Z1-93,5/26/23,14:35:00,5/27/23,10:54:00,54.802113,-123.329373,CT,7.0,NA,CCG,1,,,,
Carp Lake,CARP4-Z1-91,5/26/23,14:44:00,5/27/23,11:02:00,54.790485,-123.363663,CT,9.5,NA,NA,0,,,,
Carp Lake,CARP4-Z1-100,5/26/23,14:51:00,5/27/23,11:05:00,54.791657,-123.371461,CT,8.2,NA,BB,1,7510,,,
Carp Lake,CARP4-Z1-21,5/26/23,14:59:00,5/27/23,11:11:00,54.797132,-123.365559,CT,6.7,NA,BB,2,"7332, 7509",,,
Carp Lake,CARP4-Z1-68,5/26/23,15:03:00,5/27/23,11:27:00,54.801376,-123.350838,CT,9.6,NA,BB,1,7334,,,
Carp Lake,CARP4-Z1-160,5/26/23,15:13:00,5/27/23,11:38:00,54.805591,-123.354932,CT,6.0,NA,NA,0,,,,
Carp Lake,CARP4-Z1-115,5/26/23,15:21:00,5/27/23,11:35:00,54.809399,-123.350534,CT,10.8,NA,NA,0,,,,
Carp Lake,CARP4-Z1-52,5/26/23,15:29:00,5/27/23,11:41:00,54.810377,-123.341491,CT,6.4,NA,BB,1,7508,,,
Carp Lake,CARP4-Z1-128,5/26/23,15:32:00,5/27/23,11:51:00,54.815104,-123.340707,CT,9.3,NA,CCG,2,,,,
Carp Lake,CARP4-Z1-180,5/26/23,15:36:00,5/27/23,12:36:00,54.815087,-123.349956,CT,6.7,NA,NA,0,,,,
Carp Lake,CARP4-Z1-71,5/26/23,15:40:00,5/27/23,12:39:00,54.818232,-123.345583,CT,10.1,NA,NA,0,,,,
Carp Lake,CARP4-Z1-95,5/26/23,15:46:00,5/27/23,12:44:00,54.821561,-123.342781,CT,9.5,NA,NA,0,,,,
Carp Lake,CARP5-Z2-229,5/29/23,15:27:00,5/30/23,9:04:00,54.77033,-123.359207,CT,7.2,,CCG,4,,,,
Carp Lake,CARP5-Z2-150,5/29/23,15:34:00,5/30/23,9:12:00,54.763503,-123.362186,CT,8.3,6.9,BB,1,7314,,,RECAPTURE
Carp Lake,CARP5-Z2-70,5/29/23,15:47:00,5/30/23,9:25:00,54.761156,-123.372086,CT,6.3,6.9,BB,1,7413,,,
Carp Lake,CARP5-Z2-210,5/29/23,15:50:00,5/30/23,9:45:00,54.762391,-123.37572,CT,8.7,6.7,BB,1,7507,,,
Carp Lake,CARP5-Z2-27,5/29/23,15:57:00,5/30/23,10:04:00,54.758459,-123.386676,CT,8.8,5.6,BB,1,7414,,,
Carp Lake,CARP5-Z2-178,5/29/23,16:04:00,5/30/23,10:20:00,54.759535,-123.399011,CT,9.4,,NA,0,,,,
Carp Lake,CARP5-Z2-167,5/29/23,16:09:00,5/30/23,10:24:00,54.75727,-123.406852,CT,10.0,5.3,BB,1,7506,,,
Carp Lake,CARP5-Z2-10,5/29/23,16:21:00,5/30/23,10:54:00,54.767472,-123.403283,CT,8.5,6.8,BB,1,7374,,,
Carp Lake,CARP5-Z2-17,5/29/23,16:28:00,5/30/23,11:10:00,54.772303,-123.409234,CT,10.1,,NSC,1,,,,
Carp Lake,CARP5-Z2-84,5/29/23,16:34:00,5/30/23,11:15:00,54.774559,-123.406677,CT,10.4,,NA,0,,,,
Carp Lake,CARP5-Z2-103,5/29/23,16:46:00,5/30/23,11:25:00,54.771136,-123.422698,CT,9.4,,NA,0,,,,
Carp Lake,CARP5-Z2-56,5/29/23,16:50:00,5/30/23,11:29:00,54.774807,-123.419728,CT,10.1,,NA,0,,,,
Carp Lake,CARP5-Z2-98,5/29/23,16:54:00,5/30/23,11:40:00,54.77631,-123.418346,CT,8.1,6.6,BB,1,7505,,,
Carp Lake,CARP5-Z2-66,5/29/23,17:04:00,5/30/23,12:01:00,54.772472,-123.393883,CT,10.0,,NA,0,,,,
Carp Lake,CARP5-Z2-69,5/29/23,17:14:00,5/30/23,12:10:00,54.773285,-123.390864,CT,8.9,6.7,BB,1,7415,,,
Carp Lake,CARP5-Z2-120,5/29/23,17:17:00,5/30/23,12:30:00,54.777239,-123.38768,CT,9.1,5.6,BB,1,7504,,,
Carp Lake,CARP5-Z2-97,5/29/23,17:23:00,5/30/23,12:47:00,54.783204,-123.397843,CT,9.7,,NA,0,,,,
Carp Lake,CARP5-Z2-227,5/29/23,17:28:00,5/30/23,13:12:00,54.784215,-123.389435,CT,9.6,,CCG,1,,,,
Carp Lake,CARP5-Z2-41,5/29/23,17:40:00,5/30/23,13:35:00,54.780936,-123.377022,CT,10.2,,NA,0,,,,
Carp Lake,CARP5-Z2-200,5/29/23,17:44:00,5/30/23,13:03:00,54.785437,-123.378633,CT,8.5,,NA,0,,,,
Carp Lake,CARP5-Z1-184,5/30/23,14:54:00,5/31/23,9:13:00,54.779043,-123.318249,CT,6.5,8,BB,1,7493,,,RECAPTURE
Carp Lake,CARP5-Z1-153,5/30/23,14:58:00,5/31/23,9:17:00,54.782911,-123.315652,CT,8.7,,NA,0,,,,
Carp Lake,CARP5-Z1-201,5/30/23,15:05:00,5/31/23,9:22:00,54.791833,-123.324488,CT,8.6,,CCG,1,,,,
Carp Lake,CARP5-Z1-163,5/30/23,15:11:00,5/31/23,9:29:00,54.797217,-123.325096,CT,6.7,8.6,BB,1,7416,,,
Carp Lake,CARP5-Z1-198,5/30/23,15:23:00,5/31/23,9:45:00,54.800477,-123.329425,CT,7.1,,BB,1,7502,,,
Carp Lake,CARP5-Z1-179,5/30/23,15:33:00,5/31/23,10:00:00,54.797098,-123.336932,CT,10.2,,BB,1,7417,,,
Carp Lake,CARP5-Z1-130,5/30/23,15:42:00,5/31/23,10:07:00,54.793719,-123.335602,CT,6.5,,CCG,2,,,,
Carp Lake,CARP5-Z1-214,5/30/23,15:46:00,5/31/23,10:10:00,54.791502,-123.343348,CT,10.0,,BB,1,7500,,,
Carp Lake,CARP5-Z1-188,5/30/23,15:51:00,5/31/23,10:17:00,54.794799,-123.342552,CT,10.1,,NA,0,,,,
Carp Lake,CARP5-Z1-75,5/30/23,16:03:00,5/31/23,10:27:00,54.790356,-123.369615,CT,10.4,7.1,BB,3,"7499, 7419, ?",,,RECAPTURE
Carp Lake,CARP5-Z1-57,5/30/23,16:09:00,5/31/23,10:41:00,54.790267,-123.363592,CT,8.5,,NA,0,,,,
Carp Lake,CARP5-Z1-208,5/30/23,16:16:00,5/31/23,10:48:00,54.791874,-123.369031,CT,8.8,,NA,0,,,,
Carp Lake,CARP5-Z1-174,5/30/23,16:20:00,5/31/23,10:51:00,54.793276,-123.360828,CT,9.9,,NA,0,,,,
Carp Lake,CARP5-Z1-21,5/30/23,16:28:00,5/31/23,10:54:00,54.797132,-123.365559,CT,9.0,,CCG,2,,,,
Carp Lake,CARP5-Z1-68,5/30/23,16:32:00,5/31/23,11:00:00,54.801376,-123.350838,CT,8.1,,NA,0,,,,
Carp Lake,CARP5-Z1-160,5/30/23,16:39:00,5/31/23,11:03:00,54.805591,-123.354932,CT,6.0,,NA,0,,,,
Carp Lake,CARP5-Z1-115,5/30/23,16:43:00,5/31/23,11:05:00,54.809399,-123.350534,CT,10.3,,NA,0,,,,
Carp Lake,CARP5-Z1-52,5/30/23,16:50:00,5/31/23,11:10:00,54.810377,-123.341491,CT,7.6,,NA,0,,,,
Carp Lake,CARP5-Z1-113,5/30/23,16:54:00,5/31/23,11:14:00,54.810881,-123.327311,CT,7.2,,NA,0,,,,
Carp Lake,CARP5-Z1-71,5/30/23,17:02:00,5/31/23,11:20:00,54.818232,-123.345583,CT,9.0,,NA,0,,,,
Carp Lake,CARP5-Z3-181,5/31/23,12:57:00,6/1/23,9:00:00,54.728271,-123.317143,CT,10.5,,NA,0,,,,
Carp Lake,CARP5-Z3-129,5/31/23,13:03:00,6/1/23,9:04:00,54.725391,-123.323534,CT,9.5,,NA,0,,,,
Carp Lake,CARP5-Z3-197,5/31/23,13:05:00,6/1/23,9:07:00,54.727154,-123.328392,CT,9.1,,NA,0,,,,
Carp Lake,CARP5-Z3-61,5/31/23,13:10:00,6/1/23,9:09:00,54.725538,-123.337546,CT,8.8,,NA,0,,,,
Carp Lake,CARP5-Z3-182,5/31/23,13:14:00,6/1/23,9:13:00,54.724261,-123.34407,CT,9.9,,NA,0,,,,
Carp Lake,CARP5-Z3-209,5/31/23,13:19:00,6/1/23,9:18:00,54.718023,-123.350362,CT,8.7,5,BB,2,"7421, 7498",,,
Carp Lake,CARP5-Z3-140,5/31/23,13:23:00,6/1/23,9:29:00,54.719203,-123.352635,CT,10.4,,BB,1,7422,,,
Carp Lake,CARP5-Z3-35,5/31/23,13:28:00,6/1/23,9:39:00,54.719611,-123.360161,CT,5.0,6.1,BB,1,7497,,,
Carp Lake,CARP5-Z3-73,5/31/23,13:33:00,6/1/23,9:46:00,54.722417,-123.366349,CT,9.5,5.3,BB,1,7423,,,
Carp Lake,CARP5-Z3-76,5/31/23,13:39:00,6/1/23,10:00:00,54.718611,-123.373192,CT,10.6,,BB,1,7511,,,
Carp Lake,CARP5-Z3-190,5/31/23,13:45:00,6/1/23,10:13:00,54.712424,-123.370977,CT,6.0,,NA,0,,,,
Carp Lake,CARP5-Z3-219,5/31/23,13:49:00,6/1/23,10:17:00,54.717452,-123.381829,CT,7.3,,NA,0,,,,
Carp Lake,CARP5-Z3-78,5/31/23,13:53:00,6/1/23,10:20:00,54.726096,-123.376934,CT,7.5,,NA,0,,,,
Carp Lake,CARP5-Z3-101,5/31/23,13:57:00,6/1/23,10:27:00,54.738168,-123.373195,CT,10.4,,NA,0,,,,
Carp Lake,CARP5-Z3-48,5/31/23,14:00:00,6/1/23,10:35:00,54.742667,-123.371507,CT,8.0,,BB,2,"7512, 7424",,,
Carp Lake,CARP5-Z3-32,5/31/23,14:05:00,6/1/23,10:41:00,54.749935,-123.363317,CT,10.5,,NA,0,,,,
Carp Lake,CARP5-Z3-165,5/31/23,14:16:00,6/1/23,10:45:00,54.753192,-123.369352,CT,5.7,7.6,BB,1,7425,,,
Carp Lake,CARP5-Z3-138,5/31/23,14:23:00,6/1/23,10:53:00,54.754349,-123.369729,CT,6.5,,NA,0,,,,moved out from channel
Carp Lake,CARP5-Z3-29,5/31/23,14:33:00,6/1/23,10:57:00,54.76448,-123.356824,CT,8.9,,NA,0,,,,
Carp Lake,CARP5-Z3-96,5/31/23,14:36:00,6/1/23,11:01:00,54.765904,-123.355759,CT,10.1,,BB,1,7513,,,
Carp Lake,CARP5-Z4-146,6/1/23,12:16:00,6/2/23,10:25:00,54.730059,-123.30713,CT,9.2,5.6,BB,3,"7426, 7515, 7527",,,
Carp Lake,CARP5-Z4-141,6/1/23,12:19:00,6/2/23,10:37:00,54.730304,-123.301753,CT,6.8,7.1,BB,1,7516,,,
Carp Lake,CARP5-Z4-109,6/1/23,12:26:00,6/2/23,10:45:00,54.743414,-123.280727,CT,10.1,7,BB,1,7428,,,
Carp Lake,CARP5-Z4-87,6/1/23,12:29:00,6/2/23,10:51:00,54.744394,-123.277147,CT,10.3,,NA,0,,,,
Carp Lake,CARP5-Z4-142,6/1/23,12:34:00,6/2/23,10:56:00,54.754441,-123.278356,CT,6.2,,NA,0,,,,
Carp Lake,CARP5-Z4-135,6/1/23,12:39:00,6/2/23,10:58:00,54.757801,-123.271321,CT,7.0,,NA,0,,,,
Carp Lake,CARP5-Z4-216,6/1/23,12:43:00,6/2/23,11:01:00,54.763613,-123.260401,CT,10.0,,BB,1,7044,,,RECAPTURE
Carp Lake,CARP5-Z4-156,6/1/23,12:46:00,6/2/23,11:08:00,54.76686,-123.25276,CT,10.0,4.9,BB,1,7519,,,
Carp Lake,CARP5-Z4-8,6/1/23,12:51:00,6/2/23,11:20:00,54.772731,-123.249126,CT,10.4,,BB,2,"7429, ?",,,
Carp Lake,CARP5-Z4-175,6/1/23,12:54:00,6/2/23,11:30:00,54.775479,-123.246978,CT,10.5,,NA,0,,,,
Carp Lake,CARP5-Z4-7,6/1/23,12:58:00,6/2/23,11:32:00,54.785012,-123.243254,CT,5.6,,NA,0,,,,
Carp Lake,CARP5-Z4-166,6/1/23,13:03:00,6/2/23,11:40:00,54.771824,-123.265699,CT,6.3,7.6,BB,1,7431,,,
Carp Lake,CARP5-Z4-159,6/1/23,13:05:00,6/2/23,11:45:00,54.769468,-123.269592,CT,10.0,5.1,BB,1,7521,,,
Carp Lake,CARP5-Z4-206,6/1/23,13:08:00,6/2/23,11:55:00,54.770209,-123.273985,CT,6.2,,NA,0,,,,
Carp Lake,CARP5-Z4-155,6/1/23,13:12:00,6/2/23,11:57:00,54.765407,-123.274302,CT,10.3,,NA,0,,,,
Carp Lake,CARP5-Z4-13,6/1/23,13:18:00,6/2/23,12:03:00,54.767844,-123.324694,CT,9.2,,NA,0,,,,
Carp Lake,CARP5-Z4-117,6/1/23,13:21:00,6/2/23,12:07:00,54.766632,-123.320599,CT,5.1,,BB,1,7432,,,
Carp Lake,CARP5-Z4-33,6/1/23,13:26:00,6/2/23,12:15:00,54.762128,-123.29098,CT,6.2,,BB,1,7522,,,
Carp Lake,CARP5-Z4-220,6/1/23,13:29:00,6/2/23,12:29:00,54.770638,-123.341603,CT,5.9,,BB,1,7433,,,
Carp Lake,CARP5-Z4-4,6/1/23,13:34:00,6/2/23,12:40:00,54.761358,-123.302776,CT,10.0,,NA,0,,,,
Carp Lake,CARP6-Z2-168,6/5/23,16:24:00,6/6/23,8:51:00,54.768095,-123.356541,CT,9.0,,NA,0,,,,
Carp Lake,CARP6-Z2-409,6/5/23,16:27:00,6/6/23,8:56:00,54.767243,-123.359666,CT,7.3,,NA,0,,,,
Carp Lake,CARP6-Z2-34,6/5/23,16:31:00,6/6/23,9:03:00,54.76529,-123.363986,CT,9.2,,NSC,1,,,,
Carp Lake,CARP6-Z2-420,6/5/23,16:37:00,6/6/23,9:10:00,54.764275,-123.37111,CT,7.5,,NA,0,,,,
Carp Lake,CARP6-Z2-62,6/5/23,16:43:00,6/6/23,9:15:00,54.760928,-123.372086,CT,5.8,,NA,0,,,,
Carp Lake,CARP6-Z2-237,6/5/23,16:48:00,6/6/23,9:19:00,54.758293,-123.385973,CT,6.5,,NA,0,,,,
Carp Lake,CARP6-Z2-298,6/5/23,16:52:00,6/6/23,9:24:00,54.757479,-123.390779,CT,6.7,,NA,0,,,,
Carp Lake,CARP6-Z2-8,6/5/23,17:03:00,6/6/23,9:31:00,54.74669,-123.406152,CT,9.8,,NA,0,,,,
Carp Lake,CARP6-Z2-363,6/5/23,17:08:00,6/6/23,9:37:00,54.752282,-123.407461,CT,8.7,,NSC,1,,,,
Carp Lake,CARP6-Z2-359,6/5/23,17:12:00,6/6/23,9:40:00,54.757874,-123.406282,CT,9.7,,NA,0,,,,
Carp Lake,CARP6-Z2-155,6/5/23,17:16:00,6/6/23,9:45:00,54.761967,-123.404327,CT,9.7,,NSC,1,,,,
Carp Lake,CARP6-Z2-346,6/5/23,17:22:00,6/6/23,9:51:00,54.768038,-123.406355,CT,7.1,7.5,BB,1,7523,,,
Carp Lake,CARP6-Z2-398,6/5/23,17:27:00,6/6/23,10:09:00,54.771195,-123.409561,CT,9.8,,NA,0,,,,
Carp Lake,CARP6-Z2-285,6/5/23,17:32:00,6/6/23,10:15:00,54.772724,-123.402747,CT,9.0,,NA,0,,,,
Carp Lake,CARP6-Z2-376,6/5/23,17:38:00,6/6/23,10:18:00,54.7733,-123.400143,CT,6.7,,BB,1,7434,,,
Carp Lake,CARP6-Z2-100,6/5/23,17:50:00,6/6/23,10:36:00,54.778287,-123.42667,CT,7.8,,BB,1,7524,,,YSI broken - stopped recording temperatures
Carp Lake,CARP6-Z2-137,6/5/23,18:00:00,6/6/23,11:03:00,54.776143,-123.388882,CT,10.4,,NA,0,,,,
Carp Lake,CARP6-Z2-146,6/5/23,18:04:00,6/6/23,11:09:00,54.782381,-123.388232,CT,8.6,,NA,0,,,,
Carp Lake,CARP6-Z2-119,6/5/23,18:06:00,6/6/23,11:14:00,54.785717,-123.382417,CT,8.9,,BB,1,7435,,,
Carp Lake,CARP6-Z2-90,6/5/23,18:10:00,6/6/23,11:20:00,54.782364,-123.373523,CT,10.5,,BB,1,7525,,,
Carp Lake,CARP6-Z3-254,6/6/23,13:11:00,6/7/23,8:45:00,54.74734,-123.325373,CT,10.4,,NA,0,,,,
Carp Lake,CARP6-Z3-389,6/6/23,13:14:00,6/7/23,8:51:00,54.746726,-123.322227,CT,10.4,,NA,0,,,,
Carp Lake,CARP6-Z3-410,6/6/23,13:23:00,6/7/23,8:55:00,54.72779,-123.31492,CT,9.8,,NA,0,,,,
Carp Lake,CARP6-Z3-61,6/6/23,13:27:00,6/7/23,9:04:00,54.726715,-123.329803,CT,8.4,,BB,2,"7595, 7262",,,
Carp Lake,CARP6-Z3-112,6/6/23,13:34:00,6/7/23,9:22:00,54.739426,-123.331977,CT,10.1,,NA,0,,,,
Carp Lake,CARP6-Z3-160,6/6/23,13:44:00,6/7/23,9:30:00,54.722785,-123.353925,CT,9.3,,BB,2,"7526, 7263",,,
Carp Lake,CARP6-Z3-395,6/6/23,13:51:00,6/7/23,9:45:00,54.723171,-123.359566,CT,10.0,,NA,0,,,,
Carp Lake,CARP6-Z3-122,6/6/23,14:00:00,6/7/23,9:49:00,54.718691,-123.363258,CT,8.6,,BB,1,7527,,,
Carp Lake,CARP6-Z3-314,6/6/23,14:12:00,6/7/23,10:01:00,54.711851,-123.371283,CT,8.1,,BB,2,"7265, 7528",,,
Carp Lake,CARP6-Z3-78,6/6/23,14:17:00,6/7/23,10:11:00,54.712694,-123.37923,CT,7.3,,NA,0,,,,
Carp Lake,CARP6-Z3-418,6/6/23,14:24:00,6/7/23,10:14:00,54.717147,-123.37903,CT,9.2,,BB,1,7266,,,
Carp Lake,CARP6-Z3-71,6/6/23,14:28:00,6/7/23,10:17:00,54.720689,-123.369615,CT,8.8,,NA,0,,,,
Carp Lake,CARP6-Z3-39,6/6/23,14:33:00,6/7/23,10:40:00,54.725965,-123.379842,CT,7.4,,BB,1,7530,,,
Carp Lake,CARP6-Z3-226,6/6/23,14:37:00,6/7/23,10:49:00,54.73486,-123.373318,CT,10.8,,BB,1,7267,,,
Carp Lake,CARP6-Z3-371,6/6/23,14:42:00,6/7/23,11:01:00,54.74073,-123.353106,CT,9.8,,BB,1,NA,,,not tagged because operculum got caught in trap mesh. Was stressed but recovered and swam well upon release
Carp Lake,CARP6-Z3-388,6/6/23,14:46:00,6/7/23,11:09:00,54.741532,-123.372695,CT,7.7,,BB,1,7531,,,
Carp Lake,CARP6-Z3-19,6/6/23,14:55:00,6/7/23,11:20:00,54.751893,-123.370013,CT,8.4,,BB,1,7269,,,
Carp Lake,CARP6-Z3-352,6/6/23,15:06:00,6/7/23,11:33:00,54.754567,-123.368459,CT,7.1,,NA,0,,,,
Carp Lake,CARP6-Z3-157,6/6/23,15:11:00,6/7/23,11:37:00,54.763646,-123.356979,CT,10.3,,BB,2,"7271, 7532",,,
Carp Lake,CARP6-Z3-3,6/6/23,15:15:00,6/7/23,11:49:00,54.761184,-123.353348,CT,9.4,,NA,0,,,,
Carp Lake,CARP6-Z4-284,6/7/23,13:07:00,6/8/23,9:00:00,54.729766,-123.305021,CT,9.9,,BB,1,7272,,,
Carp Lake,CARP6-Z4-240,6/7/23,13:12:00,6/8/23,9:10:00,54.733755,-123.287625,CT,10.3,,BB,1,7533,,,
Carp Lake,CARP6-Z4-63,6/7/23,13:16:00,6/8/23,9:20:00,54.735047,-123.287129,CT,9.8,,NA,0,,,,
Carp Lake,CARP6-Z4-46,6/7/23,13:22:00,6/8/23,9:25:00,54.743734,-123.303626,CT,10.4,,CCG,1,,,,
Carp Lake,CARP6-Z4-76,6/7/23,13:27:00,6/8/23,9:30:00,54.748388,-123.298133,CT,9.6,,NA,0,,,,
Carp Lake,CARP6-Z4-128,6/7/23,13:32:00,6/8/23,9:34:00,54.74963,-123.305038,CT,8.4,,NA,0,,,,
Carp Lake,CARP6-Z4-58,6/7/23,13:40:00,6/8/23,9:43:00,54.762848,-123.261584,CT,10.1,,NA,0,,,,
Carp Lake,CARP6-Z4-319,6/7/23,13:46:00,6/8/23,9:51:00,54.778297,-123.247359,CT,10.4,,NA,0,,,,
Carp Lake,CARP6-Z4-107,6/7/23,13:52:00,6/8/23,9:54:00,54.784655,-123.243484,CT,8.5,,NA,0,,,,
Carp Lake,CARP6-Z4-233,6/7/23,13:56:00,6/8/23,9:57:00,54.78524,-123.25104,CT,8.4,,BB,1,7428,,,RECAPTURE
Carp Lake,CARP6-Z4-14,6/7/23,14:09:00,6/8/23,10:09:00,54.773657,-123.263514,CT,5.9,,CCG,1,,,,
Carp Lake,CARP6-Z4-266,6/7/23,14:11:00,6/8/23,10:12:00,54.769557,-123.267538,CT,10.5,,BB,1,7273,,,
Carp Lake,CARP6-Z4-243,6/7/23,14:14:00,6/8/23,10:19:00,54.766589,-123.269302,CT,8.3,,NA,0,,,,
Carp Lake,CARP6-Z4-106,6/7/23,14:20:00,6/8/23,10:22:00,54.763076,-123.275496,CT,10.1,,BB,1,7534,,,
Carp Lake,CARP6-Z4-320,6/7/23,14:26:00,6/8/23,10:31:00,54.761491,-123.283532,CT,9.4,,BB,1,7275,,,
Carp Lake,CARP6-Z4-251,6/7/23,14:31:00,6/8/23,10:39:00,54.761827,-123.298527,CT,10.2,,BB,1,7535,,,
Carp Lake,CARP6-Z4-427,6/7/23,14:39:00,6/8/23,10:53:00,54.763094,-123.319918,CT,8.9,,NSC,2,,,,
Carp Lake,CARP6-Z4-194,6/7/23,14:43:00,6/8/23,10:57:00,54.768411,-123.32822,CT,9.7,,NA,0,,,,
Carp Lake,CARP6-Z4-426,6/7/23,14:49:00,6/8/23,11:03:00,54.769856,-123.337289,CT,9.7,,BB,1,7276,,,
Carp Lake,CARP6-Z4-140,6/7/23,14:52:00,6/8/23,11:12:00,54.770638,-123.340317,CT,10.0,,NA,0,,,,
Carp Lake,CARP6-Z1-171,6/8/23,12:06:00,6/9/23,9:05:00,54.771802,-123.345973,CT,9.5,,NA,0,,,,
Carp Lake,CARP6-Z1-343,6/8/23,12:11:00,6/9/23,9:08:00,54.780795,-123.339248,CT,9.1,,BB,1,7611,,,
Carp Lake,CARP6-Z1-268,6/8/23,12:15:00,6/9/23,9:16:00,54.781438,-123.336522,CT,9.5,,NA,0,,,,
Carp Lake,CARP6-Z1-117,6/8/23,12:23:00,6/9/23,9:25:00,54.780861,-123.319746,CT,8.5,,BB,1,7277,,,
Carp Lake,CARP6-Z1-151,6/8/23,12:28:00,6/9/23,9:33:00,54.785425,-123.31901,CT,10.2,,NA,0,,,,
Carp Lake,CARP6-Z1-315,6/8/23,12:33:00,6/9/23,9:38:00,54.792343,-123.32222,CT,10.1,,NA,0,,,,
Carp Lake,CARP6-Z1-241,6/8/23,12:40:00,6/9/23,9:43:00,54.795952,-123.327259,CT,8.4,,NSC,1,,,,
Carp Lake,CARP6-Z1-300,6/8/23,12:44:00,6/9/23,9:46:00,54.793874,-123.335327,CT,9.6,,BB,1,7376,,,
Carp Lake,CARP6-Z1-366,6/8/23,12:48:00,6/9/23,9:56:00,54.796955,-123.338597,CT,10.2,,NA,0,,,,
Carp Lake,CARP6-Z1-165,6/8/23,12:55:00,6/9/23,10:01:00,54.798799,-123.340214,CT,10.5,,CCG,1,,,,
Carp Lake,CARP6-Z1-379,6/8/23,13:04:00,6/9/23,10:08:00,54.788753,-123.365935,CT,10.6,,NA,0,,,,
Carp Lake,CARP6-Z1-22,6/8/23,13:10:00,6/9/23,10:15:00,54.790596,-123.371539,CT,9.1,,NA,0,,,,
Carp Lake,CARP6-Z1-350,6/8/23,13:19:00,6/9/23,10:18:00,54.796592,-123.364432,CT,10.5,,NA,0,,,,
Carp Lake,CARP6-Z1-227,6/8/23,13:22:00,6/9/23,10:21:00,54.797644,-123.357886,CT,10.3,,BB,1,7613,,,
Carp Lake,CARP6-Z1-41,6/8/23,13:25:00,6/9/23,10:27:00,54.799636,-123.354117,CT,10.2,,NA,0,,,,
Carp Lake,CARP6-Z1-173,6/8/23,13:33:00,6/9/23,10:33:00,54.803306,-123.324503,CT,8.8,,NA,0,,,,
Carp Lake,CARP6-Z1-2,6/8/23,13:38:00,6/9/23,10:36:00,54.811491,-123.330867,CT,9.5,,BB,1,7278,,,
Carp Lake,CARP6-Z1-142,6/8/23,13:52:00,6/9/23,10:41:00,54.810285,-123.345327,CT,7.3,,NA,0,,,,
Carp Lake,CARP6-Z1-13,6/8/23,14:07:00,6/9/23,10:51:00,54.809857,-123.348386,CT,9.8,,NA,0,,,,
Carp Lake,CARP6-Z1-272,6/8/23,14:13:00,6/9/23,11:00:00,54.819001,-123.348882,CT,9.9,,NA,0,,,,
Carp Lake,CARP7-Z2-15,6/12/23,15:20:00,6/13/23,8:35:00,54.762507,-123.365559,CT,10.0,,NA,0,,,,
Carp Lake,CARP7-Z2-103,6/12/23,15:30:00,6/13/23,8:41:00,54.75975,-123.372896,CT,9.2,11.6,BB,1,7613,,,
Carp Lake,CARP7-Z2-21,6/12/23,15:35:00,6/13/23,8:50:00,54.762681,-123.372287,CT,9.6,,NA,0,,,,
Carp Lake,CARP7-Z2-186,6/12/23,15:41:00,6/13/23,9:00:00,54.764968,-123.372552,CT,9.5,,NA,0,,,,
Carp Lake,CARP7-Z2-313,6/12/23,15:46:00,6/13/23,9:05:00,54.770914,-123.365964,CT,9.8,,CCG,1,,,,
Carp Lake,CARP7-Z2-259,6/12/23,15:53:00,6/13/23,9:11:00,54.759466,-123.382585,CT,9.9,,NA,0,,,,
Carp Lake,CARP7-Z2-60,6/12/23,16:01:00,6/13/23,9:20:00,54.758235,-123.393777,CT,8.6,,NA,0,,,,
Carp Lake,CARP7-Z2-305,6/12/23,16:05:00,6/13/23,9:25:00,54.763562,-123.393299,CT,10.3,,NA,0,,,,
Carp Lake,CARP7-Z2-152,6/12/23,16:11:00,6/13/23,9:28:00,54.755753,-123.407534,CT,9.0,,NA,0,,,,
Carp Lake,CARP7-Z2-218,6/12/23,16:20:00,6/13/23,9:31:00,54.761967,-123.403099,CT,10.0,,NA,0,,,,
Carp Lake,CARP7-Z2-139,6/12/23,16:28:00,6/13/23,9:38:00,54.769515,-123.410629,CT,10.2,,NA,0,,,,
Carp Lake,CARP7-Z2-123,6/12/23,16:37:00,6/13/23,9:42:00,54.775874,-123.425826,CT,10.3,,NA,0,,,,
Carp Lake,CARP7-Z2-326,6/12/23,16:43:00,6/13/23,9:52:00,54.774897,-123.425837,CT,10.2,,NA,0,,,,
Carp Lake,CARP7-Z2-172,6/12/23,16:54:00,6/13/23,10:05:00,54.772125,-123.401318,CT,9.3,9.1,BB,1,7279,,,
Carp Lake,CARP7-Z2-282,6/12/23,17:00:00,6/13/23,10:15:00,54.778459,-123.404963,CT,9.8,,NA,0,,,,
Carp Lake,CARP7-Z2-239,6/12/23,17:08:00,6/13/23,10:24:00,54.775718,-123.389378,CT,10.0,,NA,0,,,,
Carp Lake,CARP7-Z2-192,6/12/23,17:12:00,6/13/23,10:29:00,54.779557,-123.392549,CT,9.7,,NA,0,,,,
Carp Lake,CARP7-Z2-65,6/12/23,17:16:00,6/13/23,10:34:00,54.784491,-123.385091,CT,9.7,,NA,0,,,,
Carp Lake,CARP7-Z2-113,6/12/23,17:25:00,6/13/23,10:39:00,54.783938,-123.376933,CT,10.3,,NA,0,,,,
Carp Lake,CARP7-Z2-275,6/12/23,17:31:00,6/13/23,10:43:00,54.789041,-123.385696,CT,9.9,,NA,0,,,,
Carp Lake,CARP7-Z3-322,6/13/23,11:59:00,6/14/23,10:22:00,54.726321,-123.31303,CT,10.2,9.4,BB,1,7614,,,
Carp Lake,CARP7-Z3-149,6/13/23,12:03:00,6/14/23,10:31:00,54.727102,-123.314963,CT,10.4,,NA,0,,,,
Carp Lake,CARP7-Z3-167,6/13/23,12:09:00,6/14/23,10:38:00,54.727172,-123.327075,CT,10.2,,NA,0,,,,
Carp Lake,CARP7-Z3-27,6/13/23,12:12:00,6/14/23,10:42:00,54.725391,-123.329818,CT,9.8,9.4,BB,2,"7280, RECAP",,,
Carp Lake,CARP7-Z3-279,6/13/23,12:19:00,6/14/23,10:57:00,54.724345,-123.344593,CT,9.9,,NA,0,,,,
Carp Lake,CARP7-Z3-194,6/13/23,12:25:00,6/14/23,11:03:00,54.721158,-123.356592,CT,10.4,,NA,0,,,,
Carp Lake,CARP7-Z3-101,6/13/23,12:31:00,6/14/23,11:06:00,54.718128,-123.361632,CT,8.7,,BB,1,7616,,,
Carp Lake,CARP7-Z3-314,6/13/23,12:35:00,6/14/23,11:19:00,54.718484,-123.367307,CT,10.0,8.5,BB,1,7281,,,
Carp Lake,CARP7-Z3-202,6/13/23,12:42:00,6/14/23,11:50:00,54.715039,-123.376189,CT,9.2,,NA,0,,,,
Carp Lake,CARP7-Z3-258,6/13/23,12:46:00,6/14/23,11:54:00,54.720868,-123.376433,CT,10.4,,NA,0,,,,
Carp Lake,CARP7-Z3-108,6/13/23,12:49:00,6/14/23,11:56:00,54.725204,-123.373641,CT,9.7,7.5,BB,1,7617,,,
Carp Lake,CARP7-Z3-19,6/13/23,12:54:00,6/14/23,12:18:00,54.728067,-123.373507,CT,10.2,,NA,0,,,,
Carp Lake,CARP7-Z3-30,6/13/23,13:00:00,6/14/23,12:26:00,54.737544,-123.335332,CT,10.0,7.8,BB,1,7372,,,RECAPTURE
Carp Lake,CARP7-Z3-136,6/13/23,13:06:00,6/14/23,12:37:00,54.740575,-123.353568,CT,10.2,,NA,0,,,,
Carp Lake,CARP7-Z3-249,6/13/23,13:11:00,6/14/23,12:42:00,54.741294,-123.371563,CT,10.4,,NA,0,,,,
Carp Lake,CARP7-Z3-6,6/13/23,13:14:00,6/14/23,12:46:00,54.744269,-123.370321,CT,9.4,,NA,0,,,,
Carp Lake,CARP7-Z3-238,6/13/23,13:22:00,6/14/23,12:53:00,54.747753,-123.35135,CT,9.5,,NA,0,,,,
Carp Lake,CARP7-Z3-168,6/13/23,13:26:00,6/14/23,12:57:00,54.750876,-123.364037,CT,9.8,,NA,0,,,,
Carp Lake,CARP7-Z3-266,6/13/23,13:32:00,6/14/23,13:05:00,54.761499,-123.353962,CT,9.4,,NA,0,,,,
Carp Lake,CARP7-Z3-53,6/13/23,13:36:00,6/14/23,13:10:00,54.763503,-123.356901,CT,9.7,,NA,0,,,,
Carp Lake,CARP7-Z4-115,6/14/23,14:11:00,6/15/23,9:24:00,54.727561,-123.310814,CT,10.0,,NA,0,,,,
Carp Lake,CARP7-Z4-170,6/14/23,14:23:00,6/15/23,9:27:00,54.729134,-123.312259,CT,10.2,,NA,0,,,,
Carp Lake,CARP7-Z4-121,6/14/23,14:27:00,6/15/23,9:31:00,54.732167,-123.295199,CT,10.0,8.8,BB,1,7282,,,
Carp Lake,CARP7-Z4-189,6/14/23,14:33:00,6/15/23,9:41:00,54.733688,-123.291278,CT,9.1,9.5,BB,1,7635,,,
Carp Lake,CARP7-Z4-317,6/14/23,14:41:00,6/15/23,9:56:00,54.740731,-123.281275,CT,10.1,10,BB,1,7283,,,
Carp Lake,CARP7-Z4-333,6/14/23,14:46:00,6/15/23,10:07:00,54.750982,-123.280163,CT,9.9,,NA,0,,,,
Carp Lake,CARP7-Z4-320,6/14/23,14:51:00,6/15/23,10:12:00,54.757479,-123.274585,CT,10.2,,NA,0,,,,
Carp Lake,CARP7-Z4-260,6/14/23,14:57:00,6/15/23,10:16:00,54.763299,-123.274626,CT,9.7,,NA,0,,,,
Carp Lake,CARP7-Z4-263,6/14/23,15:01:00,6/15/23,10:20:00,54.768905,-123.270493,CT,10.4,,CCG,1,,,,
Carp Lake,CARP7-Z4-160,6/14/23,15:05:00,6/15/23,10:23:00,54.770801,-123.267256,CT,9.1,,NA,0,,,,
Carp Lake,CARP7-Z4-78,6/14/23,15:11:00,6/15/23,10:28:00,54.777895,-123.247545,CT,10.4,8.8,BB,1,7465,,,
Carp Lake,CARP7-Z4-190,6/14/23,15:17:00,6/15/23,10:40:00,54.783654,-123.243595,CT,9.6,9,BB,2,"7634, 7284",,,
Carp Lake,CARP7-Z4-204,6/14/23,15:27:00,6/15/23,11:07:00,54.762818,-123.29516,CT,10.3,8,BB,1,7633,,,
Carp Lake,CARP7-Z4-216,6/14/23,15:33:00,6/15/23,11:20:00,54.750896,-123.299367,CT,9.7,7.8,BB,1,7285,,,
Carp Lake,CARP7-Z4-280,6/14/23,15:36:00,6/15/23,11:30:00,54.750486,-123.305552,CT,10.3,7.4,BB,1,7632,,,
Carp Lake,CARP7-Z4-118,6/14/23,15:43:00,6/15/23,11:41:00,54.745548,-123.319374,CT,10.4,8.1,BB,1,7286,,,
Carp Lake,CARP7-Z4-180,6/14/23,15:51:00,6/15/23,11:56:00,54.763944,-123.320068,CT,8.6,,NA,0,,,,
Carp Lake,CARP7-Z4-62,6/14/23,15:54:00,6/15/23,12:01:00,54.769535,-123.329803,CT,10.5,,NSC,1,,,,
Carp Lake,CARP7-Z4-110,6/14/23,16:00:00,6/15/23,12:09:00,54.770616,-123.340707,CT,10.3,,NA,0,,,,
Carp Lake,CARP7-Z4-247,6/14/23,16:03:00,6/15/23,12:13:00,54.771827,-123.342093,CT,9.5,,NA,0,,,,
Carp Lake,CARP7-Z1-236,6/15/23,13:05:00,6/16/23,8:35:00,54.777763,-123.344571,CT,9.1,,NA,0,,,,
Carp Lake,CARP7-Z1-7,6/15/23,13:10:00,6/16/23,8:45:00,54.778149,-123.342546,CT,9.7,,NA,0,,,,
Carp Lake,CARP7-Z1-244,6/15/23,13:16:00,6/16/23,8:52:00,54.782945,-123.323628,CT,9.9,,CCG,1,,,,
Carp Lake,CARP7-Z1-4,6/15/23,13:21:00,6/16/23,8:55:00,54.783204,-123.318456,CT,9.6,,CCG,1,,,,
Carp Lake,CARP7-Z1-175,6/15/23,13:25:00,6/16/23,8:58:00,54.780632,-123.30944,CT,10.3,,NA,0,,,,
Carp Lake,CARP7-Z1-2,6/15/23,13:30:00,6/16/23,9:04:00,54.788157,-123.330867,CT,10.4,,NA,0,,,,
Carp Lake,CARP7-Z1-187,6/15/23,13:34:00,6/16/23,9:07:00,54.793146,-123.326578,CT,10.3,,NA,0,,,,
Carp Lake,CARP7-Z1-61,6/15/23,13:37:00,6/16/23,9:10:00,54.792275,-123.331272,CT,10.1,,NA,0,,,,
Carp Lake,CARP7-Z1-137,6/15/23,13:43:00,6/16/23,9:17:00,54.794799,-123.338136,CT,9.8,,BB,1,7631,,,
Carp Lake,CARP7-Z1-16,6/15/23,13:51:00,6/16/23,9:33:00,54.785672,-123.369909,CT,9.9,,BB,2,"7287, 7630",,,
Carp Lake,CARP7-Z1-150,6/15/23,14:00:00,6/16/23,9:57:00,54.789518,-123.368808,CT,8.8,,NA,0,,,,
Carp Lake,CARP7-Z1-148,6/15/23,14:06:00,6/16/23,10:01:00,54.793787,-123.362409,CT,9.8,,NA,0,,,,
Carp Lake,CARP7-Z1-209,6/15/23,14:13:00,6/16/23,10:05:00,54.798466,-123.365154,CT,9.4,,BB,1,7288,,,
Carp Lake,CARP7-Z1-331,6/15/23,14:17:00,6/16/23,10:11:00,54.801515,-123.356807,CT,10.1,,BB,1,7629,,,
Carp Lake,CARP7-Z1-235,6/15/23,14:30:00,6/16/23,10:20:00,54.80369,-123.352088,CT,8.8,,NA,0,,,,
Carp Lake,CARP7-Z1-14,6/15/23,14:34:00,6/16/23,10:28:00,54.809399,-123.348386,CT,10.1,,NA,0,,,,
Carp Lake,CARP7-Z1-126,6/15/23,14:41:00,6/16/23,10:51:00,54.799578,-123.338059,CT,10.3,,NA,0,,,,
Carp Lake,CARP7-Z1-222,6/15/23,14:48:00,6/16/23,10:53:00,54.801035,-123.333336,CT,8.9,,BB,1,7289,,,
Carp Lake,CARP7-Z1-31,6/15/23,14:52:00,6/16/23,11:03:00,54.804942,-123.32401,CT,10.4,,NA,0,,,,
Carp Lake,CARP7-Z1-227,6/15/23,14:55:00,6/16/23,11:09:00,54.809085,-123.328124,CT,10.1,,NA,0,,,,